2120,Consistent Beta,67,https://www.producthunt.com/r/5670e29b61421e,No reviews until now,No Review Score until now,['Thomas Schranz ‚õÑÔ∏è'],"['Stopa', 'Joe Averbukh']","['TECH', 'HEALTH AND FITNESS']"
2121,Projectile,65,https://www.producthunt.com/r/f79455080736f7,No reviews until now,No Review Score until now,['Ahmad Kholid'],['Ahmad Kholid'],"['DEVELOPER TOOLS', 'GITHUB', 'PRODUCTIVITY']"
2122,RemoteDream,99,https://www.producthunt.com/r/b81da94ca2ef80,1 Review,5.0/5,['Joeri Nanov'],['Joeri Nanov'],"['TRAVEL', 'TECH', 'REMOTE WORK TOOLS', 'NOMAD LIFESTYLE']"
2123,Tillful,84,https://www.producthunt.com/r/204320c1a87cac,2 Reviews,5.0/5,['Colby Kraus'],"['Colby Kraus', 'Amber Fehrenbacher', 'Darren Carter', 'Krishna Vempati']","['PRODUCTIVITY', 'USER EXPERIENCE', 'FINTECH', 'TECH', 'APPLE', 'MONEY', 'IPHONE']"
2124,StockShark,61,https://www.producthunt.com/r/089d2d1b4e43d1,No reviews until now,No Review Score until now,['Aaron Isaac'],['Aaron Isaac'],"['ARTIFICIAL INTELL...', 'INVESTING']"
2125,CertificateClaim,55,https://www.producthunt.com/r/5bfbbee61bc771,No reviews until now,No Review Score until now,['Fabian Reinhard'],['Fabian Reinhard'],"['MARKETING', 'PRODUCTIVITY']"
2126,AVATAVI,48,https://www.producthunt.com/r/2452d51e5b0b18,No reviews until now,No Review Score until now,['Takahiro Poly Horikawa'],['Takahiro Poly Horikawa'],['ARTIFICIAL INTELL...']
2127,Tikumi Coffee,43,https://www.producthunt.com/r/60ceb7092d1519,No reviews until now,No Review Score until now,['Anurag Dommeti'],"['Anurag Dommeti', 'Audrey Chou']","['E-COMMERCE', 'COFFEE']"
2128,PULP,39,https://www.producthunt.com/r/76a7cc133875a2,No reviews until now,No Review Score until now,['Shiro Arai'],['Shiro Arai'],"['IPHONE', 'TECH', 'ANDROID']"
2129,Setiry,36,https://www.producthunt.com/r/dd7d1845b838ca,No reviews until now,No Review Score until now,['Muhammet S'],['Muhammet S'],"['MARKETING', 'PRODUCTIVITY']"
2130,Chuangkit,35,https://www.producthunt.com/r/a98fc038b0c244,No reviews until now,No Review Score until now,['Fajar Siddiq'],No Founders exist yet,['DESIGN TOOLS']
2131,Reqsave,39,https://www.producthunt.com/r/418b65c4e5ebca,No reviews until now,No Review Score until now,['Mustafa Adƒ±g√ºzel'],['Mustafa Adƒ±g√ºzel'],"['DEVELOPER TOOLS', 'PRODUCTIVITY']"
2132,Chaos Basket,33,https://www.producthunt.com/r/9377e127c19f79,No reviews until now,No Review Score until now,['Mustafa Enes Yelkesen'],['Mustafa Enes Yelkesen'],['ANDROID']
2133,Teatis,42,https://www.producthunt.com/r/95132b297f717a,No reviews until now,No Review Score until now,['Hiroshi Takato'],['Hiroshi Takato'],"['PRODUCTIVITY', 'COOKING', 'ON-DEMAND', 'MEDTECH', 'HEALTH AND FITNESS']"
2134,Glue Home,30,https://www.producthunt.com/r/43ad8516ff4ebe,No reviews until now,No Review Score until now,['Thiago Barbosa'],No Founders exist yet,"['TECH', 'INTERNET OF THINGS']"
2135,Health Me BETA,29,https://www.producthunt.com/r/0163c6744d7d2d,No reviews until now,No Review Score until now,['Aaron Reid'],['Aaron Reid'],['HEALTH AND FITNESS']
2136,REaD EyE,28,https://www.producthunt.com/r/ca6e20bdd17c09,No reviews until now,No Review Score until now,['Chris Messina'],['Yoshihiro Sasagawa'],"['IPAD', 'PRODUCTIVITY', 'NEWS', 'MEDITATION', 'IPHONE']"
2137,TreeMapper by Plant-for-the-Planet,29,https://www.producthunt.com/r/01bfc8722982f3,No reviews until now,No Review Score until now,['Sagar Aryal'],['Sagar Aryal'],"['IPHONE', 'PRODUCTIVITY', 'OPEN SOURCE', 'TECH', 'ANDROID']"
2138,TimeCatcher,26,https://www.producthunt.com/r/91ec1c5a9be894,No reviews until now,No Review Score until now,['Billy Syrett'],['Billy Syrett'],"['TIME TRACKING', 'SAAS', 'PRODUCTIVITY']"
2139,FastRecorder,26,https://www.producthunt.com/r/9b061b38472ba1,No reviews until now,No Review Score until now,['Artem Iakovliev'],['Artem Iakovliev'],"['APPLE WATCH', 'APPLE', 'AUDIO AND VOICE', 'IPHONE']"
2140,Superfan Games,29,https://www.producthunt.com/r/06a5de986ee4bd,No reviews until now,No Review Score until now,['Danny Conway'],"['Danny Conway', 'Danny Conway']","['SPORTS', 'BASKETBALL', 'FOOTBALL', 'SOCCER', 'GOLF', 'SPORTS GAMES', 'FANTASY GAMES', 'BASEBALL', 'IPHONE']"
2141,Upflowy,"1,737",https://www.producthunt.com/r/efedf8c92494e5,71 Reviews,5.0/5,['Dan Siepen'],"['Guillaume Ang', 'Matthew Browne', 'Alexandre Girard']","['USER EXPERIENCE', 'A/B TESTING', 'MARKETING', 'TECH', 'DESIGN TOOLS']"
2142,Tandem 2.0,827,https://www.producthunt.com/r/23cd2c206bd48d,21 Reviews,4.9/5,['Gustaf Alstr√∂mer'],"['Jon Patch', 'Bernat Fortet Unanue', 'Tim Su', 'Vivy | Â¶ÇÂøÉ ‚ù¶', 'Akash Kashyap', 'Dennis Won', 'Rajiv Ayyangar', 'Patrick Dancel', 'Madisen Vongnakhone']","['MESSAGING', 'DEVELOPER TOOLS', 'TECH', 'PRODUCTIVITY']"
2143,imagi,715,https://www.producthunt.com/r/af3918cbba729d,26 Reviews,5.0/5,['Amrith Shanbhag'],"['Paula Dozsa', 'Dora Palfi', 'Beatrice Ionascu', 'Shoaib Nomani', 'Nadia Garfunkel']","['IPAD', 'KIDS', 'EDUCATION', 'TECH', 'IPHONE']"
2144,Card Generator,577,https://www.producthunt.com/r/e5e33de26a6172,3 Reviews,4.7/5,['Ayush Kumar Singh'],['Ayush Kumar Singh'],"['SAAS', 'PRODUCTIVITY']"
2145,Grin Gaming,579,https://www.producthunt.com/r/2f9d6dddc0ee34,10 Reviews,4.7/5,['Nick Bucheleres'],"['Shaun M', 'Robert Burden', 'Nick Bucheleres']","['SPORTS', 'TECH', 'GAMES', 'IPHONE']"
2146,Sprout 1.0,382,https://www.producthunt.com/r/d2940839d6ea0b,12 Reviews,4.8/5,['Zach Holman'],"['Aza Raskin', 'Max Bittker', 'Jason Yuan', 'shahruz ‚úµ', 'julius tarng', 'Aosheng Ran', 'may-li ü¶Ñ khoe', 'Weiwei']","['PRODUCTIVITY', 'SAAS', 'MEETINGS', 'WEB APP']"
2147,AudioStrip,401,https://www.producthunt.com/r/895d02187c34e9,3 Reviews,5.0/5,['Basil Woods'],['Basil Woods'],"['MUSIC', 'ARTIFICIAL INTELL...', 'WEB APP']"
2148,Landing Page Builder for Notion,276,https://www.producthunt.com/r/1fd7b7e0cda3b7,5 Reviews,5.0/5,['Jonathan Sabbah'],['Jonathan Sabbah'],"['MARKETING', 'DEVELOPER TOOLS', 'DESIGN TOOLS']"
2149,Sensei Monitor,247,https://www.producthunt.com/r/f30243c75a27c1,2 Reviews,4.2/5,['Oskar Groth'],['Oskar Groth'],"['DEVELOPER TOOLS', 'MAC MENU BAR APPS', 'TECH', 'MAC']"
2150,Wish Wall,272,https://www.producthunt.com/r/d84245f28030f3,5 Reviews,5.0/5,['gayatri taley'],['gayatri taley'],['WEB APP']
2151,Loggo,257,https://www.producthunt.com/r/b0571ddec1969a,3 Reviews,5.0/5,['Daniel Feldt'],['Daniel Feldt'],"['IPHONE', 'HEALTH AND FITNESS', 'ANDROID']"
2152,Tunes,182,https://www.producthunt.com/r/2429099a9bc4a5,No reviews until now,No Review Score until now,['Aditya'],"['Merwane Drai', 'Suhail', 'Rosco Kalis']","['ART', 'CRYPTO', 'MUSIC']"
2153,Rally.video 2.0,168,https://www.producthunt.com/r/7e843bb32224b2,No reviews until now,No Review Score until now,['Michael Seibel'],"['Ali Jiwani', 'Amos Gewirtz', 'Tim Everett']","['VIDEO STREAMING', 'CUSTOMER COMMUNIC...', 'EDUCATION', 'E-COMMERCE', 'WEB APP']"
2154,NeuralCam Live for Mac,142,https://www.producthunt.com/r/82ec7b7875dd5c,1 Review,4.3/5,['Chris Messina'],"['Levi Szabo', 'Szabi Szekely']","['VIDEO STREAMING', 'ARTIFICIAL INTELL...', 'PRODUCTIVITY']"
2155,PingTag,127,https://www.producthunt.com/r/b90c033e91b805,No reviews until now,No Review Score until now,['Amir Khella'],['Amir Khella'],"['IPHONE', 'IPAD', 'WEB APP', 'ANONYMOUS', 'CARS', 'MARKETING', 'NOMAD LIFESTYLE', 'TRAVEL', 'TECH', 'NO-CODE', 'ANDROID']"
2156,Ray-Ban Stories,110,https://www.producthunt.com/r/53338e0b26e3f2,1 Review,2.0/5,['Chris Messina'],"['Boz', 'Hugo Barra']","['PHOTOGRAPHY', 'WEARABLES', 'AUGMENTED REALITY', 'FACEBOOK']"
2157,Koi Watch,102,https://www.producthunt.com/r/8c35cebbf6634d,No reviews until now,No Review Score until now,['Sarim Abbas'],['Sarim Abbas'],"['VIDEO STREAMING', 'EVENTS', 'PRODUCTIVITY']"
2158,InstaChatbot,92,https://www.producthunt.com/r/eda494397cc060,2 Reviews,3.3/5,['Dima Braven'],"['Shahroze Nawaz', 'Usama']","['E-COMMERCE', 'BOTS', 'PRODUCTIVITY']"
2159,Slate,78,https://www.producthunt.com/r/28799958c17236,No reviews until now,No Review Score until now,['Ayan S'],['Ayan S'],"['PRODUCTIVITY', 'USER EXPERIENCE', 'DEVELOPER TOOLS', 'TECH', 'WINDOWS']"
2160,Transcend Consent Manager,85,https://www.producthunt.com/r/987654eecb54d8,No reviews until now,No Review Score until now,['Gillian Morris'],"['Ben Brook', 'Eli Grey']","['PRIVACY', 'USER EXPERIENCE']"
2161,pCard,69,https://www.producthunt.com/r/145f21ca82540c,No reviews until now,No Review Score until now,['Frank Eno'],['Frank Eno'],"['PRODUCTIVITY', 'MARKETING', 'DEVELOPER TOOLS', 'DESIGN TOOLS']"
2162,The Manager's Handbook,66,https://www.producthunt.com/r/abe948168e031e,No reviews until now,No Review Score until now,['Alex MacCaw'],['Alex MacCaw'],"['TASK MANAGEMENT', 'BOOKS', 'PRODUCTIVITY']"
2163,Mindful Journal,67,https://www.producthunt.com/r/7e57d5d424ea01,1 Review,5.0/5,['Chii'],['Chii'],['PRODUCTIVITY']
2164,Exakt,63,https://www.producthunt.com/r/b297d3f39b7a9d,1 Review,5.0/5,['Martin Rariga'],"['Martin Rariga', 'Pieter Beulque', 'Ludwig Reinmiedl']","['ANALYTICS', 'SAAS', 'USER EXPERIENCE']"
2165,TRACK by Salesmachine,61,https://www.producthunt.com/r/35e431f0760a76,No reviews until now,No Review Score until now,['Alex. Delivet'],['Gilles Samoun'],"['SAAS', 'PRODUCTIVITY']"
2166,MailTumble,74,https://www.producthunt.com/r/3814c2688c52bc,2 Reviews,5.0/5,['Bec Martin'],"['Alexander Shelkovskiy', 'Bec Martin', 'Michael Jankie']","['MARKETING', 'PRODUCTIVITY']"
2167,NuPhy Air75,60,Link not present,No reviews until now,No Review Score until now,['Harry K'],['Harry K'],['HARDWARE']
2168,With You and Me,56,https://www.producthunt.com/r/84084201908d21,No reviews until now,No Review Score until now,['Dave Chen'],['Dave Chen'],['PRODUCTIVITY']
2169,Nanojob,53,https://www.producthunt.com/r/88f25a7679144d,No reviews until now,No Review Score until now,['Nanojob'],['Nanojob'],['FREELANCE']
2170,Arbington,52,https://www.producthunt.com/r/420d1d28e21ea3,No reviews until now,No Review Score until now,['Kalob Taulien'],['Kalob Taulien'],"['EDUCATION', 'PRODUCTIVITY']"
2171,Golang Developer Jobs & Resumes,45,https://www.producthunt.com/r/882997f5e5adfa,1 Review,5.0/5,['Stefan W'],['Stefan W'],"['TECH', 'HIRING AND RECRUI...']"
2172,Cue,41,Link not present,No reviews until now,No Review Score until now,['Ekrem Elmas'],['Ekrem Elmas'],"['CUSTOMER COMMUNIC...', 'MARKETING', 'NO-CODE', 'USER EXPERIENCE']"
2173,Pepper,46,https://www.producthunt.com/r/44a3977b2b1e3a,1 Review,5.0/5,['Jake Aronskind'],"['Jake Aronskind', 'Matt Schkolnick']","['SOCIAL MEDIA TOOLS', 'COOKING', 'TECH', 'APPLE', 'USER EXPERIENCE']"
2174,3D Finance Icons,38,https://www.producthunt.com/r/c61c700f342842,No reviews until now,No Review Score until now,['ARKI'],['ARKI'],"['ICONS', 'DESIGN TOOLS']"
2175,Center Cam,34,Link not present,No reviews until now,No Review Score until now,['Jamie Edwards'],No Founders exist yet,['HARDWARE']
2176,GetAcquired Advisor,33,https://www.producthunt.com/r/78a13a1aeeba22,No reviews until now,No Review Score until now,['Mark Henderson'],"['Mark Henderson', 'Rajasekaran Manivannan']","['STARTUP LESSONS', 'FINTECH']"
2177,Bartender School,35,https://www.producthunt.com/r/dbb2f4aadd10b5,No reviews until now,No Review Score until now,['Henrique Bersani'],['Henrique Bersani'],"['TECH', 'APPLE', 'IPHONE']"
2178,NFTXmas,26,https://www.producthunt.com/r/3aa2e48d71689a,No reviews until now,No Review Score until now,['Code By MDB'],['Code By MDB'],"['E-COMMERCE', 'TECH', 'WEB APP']"
2179,Energize Focus Timer,26,https://www.producthunt.com/r/083cdf2090e154,No reviews until now,No Review Score until now,['Marcin Sudara'],['Marcin Sudara'],"['IPAD', 'APPLE WATCH', 'MAC', 'PRODUCTIVITY', 'APPLE', 'IPHONE']"
2180,BoshBot,29,https://www.producthunt.com/r/ab16fc76d88608,No reviews until now,No Review Score until now,['Jessica Zhou'],['Jessica Zhou'],"['HEALTH AND FITNESS', 'FUNNY']"
2181,GENEX,27,https://www.producthunt.com/r/bd3ca04da78f7f,No reviews until now,No Review Score until now,['pedro Bajk'],"['pedro Bajk', 'Bailey de Villiers']",['TECH']
2182,RendezVoo,25,https://www.producthunt.com/r/e7df9d08b45fc8,No reviews until now,No Review Score until now,['Richard J. Douaihy'],['Richard J. Douaihy'],"['IPHONE', 'USER EXPERIENCE', 'DATING', 'ANDROID']"
2183,Roll the Cube Toy,22,https://www.producthunt.com/r/4a796219325160,No reviews until now,No Review Score until now,['Marty'],['Marty'],"['INDIE GAMES', 'PUZZLE GAMES', 'ANDROID']"
2184,AceScreen,22,https://www.producthunt.com/r/2cc2f7cd2ad678,No reviews until now,No Review Score until now,['Alec Petrosky'],['Alec Petrosky'],"['PRODUCTIVITY', 'TECH', 'ANDROID']"
2185,MathMetrics,25,https://www.producthunt.com/r/ed2b93ccbd7674,No reviews until now,No Review Score until now,['Rod Cummings'],['Rod Cummings'],"['IPHONE', 'INDIE GAMES', 'PUZZLE GAMES', 'FREE GAMES', 'GAMES', 'ANDROID']"
2186,LIT,18,https://www.producthunt.com/r/4aa0a3ece50f9f,No reviews until now,No Review Score until now,['Taylor Norris'],['Taylor Norris'],"['HEALTH AND FITNESS', 'IPHONE']"
2187,Omnicourse,"1,185",https://www.producthunt.com/r/5d2c09a09e1674,14 Reviews,4.8/5,['Fatih G√ºner'],"['Fatih G√ºner', 'Ali Kemal Serbet', 'M.Furkan Yƒ±lmaz']","['IPHONE', 'EDUCATION', 'AUDIO AND VOICE', 'ANDROID']"
2188,MoonPay,"1,218",https://www.producthunt.com/r/77b416b50d3d75,26 Reviews,4.8/5,['Ryan Hoover'],"['Adrian Pang', 'Anders Hasselstr√∏m', 'Simon', 'Valma Tikkakoski', 'Halsey Huth', 'Max Crown', 'Victor Faramond', 'Ivan Soto-Wright']","['TECH', 'FINTECH']"
2189,LeaksID,478,https://www.producthunt.com/r/0f71d20a2f0073,16 Reviews,5.0/5,['Kevin William David'],"['Sergey Voynov', 'Julia Demyanchuk', 'Sergei Timoshenko', 'Mikhail Bogdanovich', 'Alexander Korznikov']","['SAAS', 'PRIVACY', 'TECH', 'PRODUCTIVITY']"
2190,Remote Jobs in MS Word,464,https://www.producthunt.com/r/ccc43f9e8fde6d,5 Reviews,5.0/5,['levelsio'],['levelsio'],"['REMOTE WORK TOOLS', 'ZOMBIE GAMES']"
2191,Superpowered 2.0,433,https://www.producthunt.com/r/69bf3325cb7343,11 Reviews,5.0/5,['Ibrahim Irfan'],"['Ibrahim Irfan', 'Jordan Dearsley', 'Nikhil Gupta']","['SLACK', 'PRODUCTIVITY', 'MESSAGING', 'CALENDAR AND SCHE...', 'MAC MENU BAR APPS', 'MAC']"
2192,MeisterNote,352,https://www.producthunt.com/r/2eebaa838f1899,18 Reviews,4.8/5,['Thomas Schranz ‚õÑÔ∏è'],"['Michael Hollauf', 'Till Vollmer', 'Mara Muenzing', 'Mladen Jokanovic', 'Michael Ostermann', 'Vid Topolovec', 'Bogdan Iordache', 'cagin cecen', 'Thomas George']","['PRODUCTIVITY', 'WRITING TOOLS', 'MARKETING', 'TECH', 'REMOTE WORK TOOLS', 'WEB APP']"
2193,Milanote 3.0,342,https://www.producthunt.com/r/8b00a3ffedd9ad,11 Reviews,5.0/5,['Ollie Campbell'],"['Ollie Campbell', 'Brett Warren', 'Sande Harsa', 'Marc Clancy', 'Glenn Allen', 'Michael Trounce', 'John Pooley', 'Isaac Williams', 'Matt Davison', 'Gavan Chan', 'Marisa Tjoe']","['PRODUCTIVITY', 'DESIGN TOOLS']"
2194,Idea Validator,266,https://www.producthunt.com/r/b5f66403f5ae50,1 Review,5.0/5,['Chris Messina'],"['John Paul Narowski', 'Saba Karim']","['PRODUCTIVITY', 'USER EXPERIENCE', 'CUSTOMER COMMUNIC...', 'MARKETING', 'WEB APP']"
2195,IntroSnap,373,https://www.producthunt.com/r/ed6203656d32d0,4 Reviews,5.0/5,['Xander Garovi'],"['Xander Garovi', 'Scott Milener', 'Aiden Siegle']","['SALES', 'CUSTOMER COMMUNIC...', 'EMAIL MARKETING', 'MARKETING', 'CHARITY AND GIVING', 'SOCIAL IMPACT', 'MESSAGING']"
2196,Wylo,306,https://www.producthunt.com/r/3d153a0cd644a2,3 Reviews,5.0/5,['Sharath Kuruganty'],"['Mano Tonyraj', 'Badri', 'Muhammed Ibrahim', 'Satadal Mazumdar', 'Siddhesh Lokare', 'Gowtham', 'Senthil nathan', 'Surya Narayan', 'Omnath']","['IPHONE', 'TECH', 'ANDROID']"
2197,Tailwind Mobile,232,https://www.producthunt.com/r/4e1319a7a8529a,2 Reviews,5.0/5,['Vladimir Kharlampidi'],['Vladimir Kharlampidi'],['DEVELOPER TOOLS']
2198,Memelord,212,https://www.producthunt.com/r/62b903137a95bf,9 Reviews,5.0/5,['Justin Alva'],"['Justin Alva', 'Sanket Nadhani', 'Vaibhav Dandekar', 'Janmenjoy Das']","['PRODUCTIVITY', 'GAMES', 'SLACK']"
2199,Tappity 2.0,199,https://www.producthunt.com/r/02341f90328ec9,2 Reviews,5.0/5,['Michael Seibel'],"['Chadwick Swenson', 'Lawrence Tran']","['WEB APP', 'HOME', 'KIDS', 'EDUCATION', 'TECH', 'GAMES', 'IPAD']"
2200,Report Builder by Explo,166,https://www.producthunt.com/r/fbfcb41d6b67d2,6 Reviews,5.0/5,['Gustaf Alstr√∂mer'],"['Andrew Chen', 'Gary Lin', 'Rohan Varma', 'Austin Piel', 'Carly Stanisic']","['TECH', 'WEB APP']"
2201,flomo,"1,249",https://www.producthunt.com/r/c5a6295d6d8b4f,49 Reviews,5.0/5,['Plidezus Leo'],"['Plidezus Leo', 'Light']","['IPHONE', 'WEB APP', 'PRODUCTIVITY', 'WRITING TOOLS', 'NOTE', 'ANDROID']"
2202,Ribbon 2.0,122,https://www.producthunt.com/r/ffd9da46a4ac74,2 Reviews,5.0/5,['Axel Thomson'],"['Joshua Mason', 'Axel Thomson']","['USER EXPERIENCE', 'SAAS', 'TECH', 'MAKER TOOLS', 'DESIGN TOOLS']"
2203,Request App,136,https://www.producthunt.com/r/55d6e125c088de,2 Reviews,5.0/5,['Michael Seibel'],"['Julien DEVOIR', 'Benjamin Levesque', 'Adam Dowson', 'Christophe L.', 'Sean Palit', 'Kevin Dave']","['PAYMENT', 'CRYPTO', 'FINTECH']"
2204,Rocketly App,126,https://www.producthunt.com/r/7f84f67b65bc44,2 Reviews,5.0/5,['Andy StClair'],"['Andy StClair', 'Nicholas Selk']","['IPHONE', 'SOCIAL MEDIA TOOLS', 'TECH', 'STARTUP LESSONS', 'ANDROID']"
2205,ListKit,120,https://www.producthunt.com/r/885c1f0807675c,4 Reviews,5.0/5,['Alex Gray'],"['Alex Gray', 'Andre Haykal Jr', 'Christian Bonnier']","['MARKETING', 'GROWTH HACKING', 'GROWTH HACKS', 'SALES']"
2206,Unwonted,80,https://www.producthunt.com/r/f78a1a836bef21,1 Review,1.0/5,['Sameer Charles'],['Sameer Charles'],"['ART', 'MAKER TOOLS', 'DESIGN TOOLS']"
2207,Teamy,97,https://www.producthunt.com/r/832ca5be190b48,No reviews until now,No Review Score until now,['Yanis Mellata'],['Yanis Mellata'],['PRODUCTIVITY']
2208,The Pixel Portraits,79,https://www.producthunt.com/r/10ad7814a24f85,No reviews until now,No Review Score until now,['Aditya'],"['Mark Beylin', 'Jamie Lawrence']","['MARKETING', 'CRYPTO', 'DESIGN TOOLS']"
2209,Let's,65,https://www.producthunt.com/r/f968927fc8ac27,No reviews until now,No Review Score until now,['Kirill Dobrinov'],['Kirill Dobrinov'],"['FUNNY', 'DATING', 'WEB APP']"
2210,Copy Swipes,70,https://www.producthunt.com/r/fb2f57225422bc,1 Review,5.0/5,['Mohamed Sahel'],['Mohamed Sahel'],['MARKETING']
2211,Kodiak,64,Link not present,No reviews until now,No Review Score until now,['Nikolai Bain'],"['Nikolai Bain', 'Nevin Jojo']",['PRODUCTIVITY']
2212,Longwalks,52,https://www.producthunt.com/r/e185f445c656b3,No reviews until now,No Review Score until now,['Chris Messina'],"['Madison Grace McClung', 'Trishla Jain']","['IPHONE', 'IPAD', 'WRITING TOOLS', 'ANDROID']"
2213,Wave,51,https://www.producthunt.com/r/009b5a739730f3,1 Review,5.0/5,['Danny Aziz'],['Danny Aziz'],['CRYPTO']
2214,Teleminded,45,https://www.producthunt.com/r/567cfde46d6c8b,No reviews until now,No Review Score until now,['Carlos C'],"['Carlos C', 'Ammro Hussein']","['TECH', 'HEALTH AND FITNESS']"
2215,Homey Bridge,62,https://www.producthunt.com/r/73be97af764602,1 Review,4.2/5,['Stefan Witkamp'],"['Stefan Witkamp', 'Emile Nijssen']",['TECH']
2216,IndiBlogHub,32,https://www.producthunt.com/r/d3d2199d5b3f65,No reviews until now,No Review Score until now,['Rahul Gupta'],['Rahul Gupta'],"['TECH', 'MARKETING']"
2217,TalentStack,35,https://www.producthunt.com/r/1925438936b5ee,No reviews until now,No Review Score until now,['Mainak Ghosh'],['Pratik Shah'],"['PRODUCTIVITY', 'MARKETING', 'REMOTE WORK TOOLS', 'HIRING AND RECRUI...']"
2218,Aurees Git Client,32,https://www.producthunt.com/r/56b602aa5d44a5,No reviews until now,No Review Score until now,['Vitali Prakapchuk'],['Vitali Prakapchuk'],['DEVELOPER TOOLS']
2219,Clear Horizons Optometry,40,Link not present,1 Review,5.0/5,['Esther Y'],['Esther Y'],"['HEALTH AND FITNESS', 'TECH', 'MEDTECH', 'WEB APP']"
2220,JOGO Insole Soccer Sensors,31,Link not present,No reviews until now,No Review Score until now,['Vince Commandeur'],['Vince Commandeur'],"['CROWDFUNDING', 'INTERNET OF THINGS', 'WEARABLES', 'TECH', 'PRODUCTIVITY']"
2221,Leadsolo,32,https://www.producthunt.com/r/8b194fdc3633d2,No reviews until now,No Review Score until now,['Sweta Panda'],['Sweta Panda'],"['MARKETING', 'TECH', 'PRODUCTIVITY']"
2222,TotemFi,39,https://www.producthunt.com/r/3b21fae92084bf,No reviews until now,No Review Score until now,['Rynard Hugo'],No Founders exist yet,"['CRYPTO', 'FINTECH']"
2223,BANANO,30,https://www.producthunt.com/r/f155b261af1cbd,No reviews until now,No Review Score until now,['–ö—Å–µ–Ω–∏—è'],['–ö—Å–µ–Ω–∏—è'],"['PRODUCTIVITY', 'IPHONE']"
2224,Adcrux,29,https://www.producthunt.com/r/a4e5d47c4f3ba7,No reviews until now,No Review Score until now,['Sweta Panda'],['Sweta Panda'],"['MARKETING', 'TECH', 'PRODUCTIVITY']"
2225,teamFa,26,https://www.producthunt.com/r/56089bc31755aa,No reviews until now,No Review Score until now,['Hans Yadav'],['Hans Yadav'],"['TECH', 'PRODUCTIVITY']"
2226,XSignal.io,29,https://www.producthunt.com/r/c436d6803f06a7,No reviews until now,No Review Score until now,['Dmitry Gorbunov'],['Dmitry Gorbunov'],"['DEVELOPER TOOLS', 'TECH', 'PRIVACY']"
2227,Shroomiz,24,https://www.producthunt.com/r/4ceaac6ebb44ed,No reviews until now,No Review Score until now,['Marin'],['Marin'],"['CRYPTO', 'TECH', 'ART']"
2228,Beauty Land Now,34,https://www.producthunt.com/r/d0c9640656169a,No reviews until now,No Review Score until now,['Jess'],['Jess'],['TECH']
2229,SymptomAligned,22,https://www.producthunt.com/r/eba4f5070baaf2,No reviews until now,No Review Score until now,['KYU LEE'],['KYU LEE'],"['HEALTH AND FITNESS', 'ANDROID']"
2230,Factors.AI,995,https://www.producthunt.com/r/853bcc8f70f89a,14 Reviews,4.8/5,['Kevin William David'],"['Sumit Negi', 'Rahul Danak', 'Vishnu Baliga', 'Asif Asharaf', 'Anshul Jain', 'Ranga Kaliyur', 'Prajwal Srinivas', 'Praveen Roy', 'Janani Somaskandan', 'Srikrishna Swaminathan', 'Praveen Das', 'Aravind Murthy', 'Dineshprabu S', 'Ashwin Sande', 'Anil Tiwari', 'Bharath Srinivas', 'satya mishra', 'Vinith Kumar']","['ARTIFICIAL INTELL...', 'TECH', 'MARKETING']"
2231,ZapBG 2.0,724,https://www.producthunt.com/r/da9e22783b2904,9 Reviews,4.7/5,['James Bethe'],"['Raunak Hajela', 'James Bethe', 'Harry Rashid', 'Ray Asaral', 'Werds Kairan']","['PRODUCTIVITY', 'TECH', 'DESIGN TOOLS']"
2232,Adent Health,810,Link not present,13 Reviews,4.8/5,['Kevin William David'],"['Mads Lund', 'Richard Bundsgaard', 'Th√∏ger Bundsgaard', 'Leila Samadi', 'Nikolaj Kornelius S√∏rensen', 'Tase Tasev', 'Andr√© Tolstoj Fastrup']","['IPHONE', 'HEALTH AND FITNESS', 'TECH', 'ANDROID']"
2233,3D Transformer,565,https://www.producthunt.com/r/f76480ccd8ec98,12 Reviews,5.0/5,['Jim Raptis'],['Jim Raptis'],"['PRODUCTIVITY', 'USER EXPERIENCE', 'SOCIAL MEDIA TOOLS', 'MARKETING', 'DESIGN BOOKS', 'TECH', 'DESIGN TOOLS']"
2234,Deta Cloud 1.0,504,https://www.producthunt.com/r/2f81a1e7f69870,11 Reviews,5.0/5,['Thomas Schranz ‚õÑÔ∏è'],"['Max Eusterbrock', 'Aavash Shrestha', 'Rabin Gaire', 'Rohan Shiva', 'Mustafa Abdelhai']","['DESIGN TOOLS', 'PRODUCTIVITY', 'PROTOTYPING', 'SOFTWARE ENGINEERING', 'DEVELOPER TOOLS', 'ARTIFICIAL INTELL...', 'TECH', 'SIDE PROJECTS', 'WEB APP']"
2235,CodeDesign,431,https://www.producthunt.com/r/7a93b194b28adf,3 Reviews,5.0/5,['Julie Chabin'],"['Manjunath M', 'hakhil nizeem', 'Rahul Rajagopal', 'Mk Niyas']","['PRODUCTIVITY', 'DEVELOPER TOOLS', 'DESIGN TOOLS']"
2236,Better Product Manager,350,https://www.producthunt.com/r/d862f68cd05365,8 Reviews,5.0/5,['Vedant Lohbare'],['Vedant Lohbare'],"['SIDE PROJECTS', 'EDUCATION']"
2237,XSight,365,https://www.producthunt.com/r/98398547a3cca2,5 Reviews,5.0/5,['Sergii Kozyrev'],"['Sergii Kozyrev', 'Oleksandr Zaitsev', 'Dmytro', 'David Mayboroda', 'Ilya Bykov', 'Mykola Podolian', 'Oleksandr Kyrylin', 'Yuriy Pleskach']","['AUGMENTED REALITY', 'ARTIFICIAL INTELL...']"
2238,Explain Code in VS Code,285,https://www.producthunt.com/r/37f02b0af3d434,1 Review,5.0/5,['Hahnbee Lee'],"['Hahnbee Lee', 'Han Wang', 'Yoshi Torralva']","['DEVELOPER TOOLS', 'ARTIFICIAL INTELL...', 'PRODUCTIVITY']"
2239,Accounts by Cashfree,319,https://www.producthunt.com/r/28a888b15b53d0,1 Review,5.0/5,['Akash Sinha'],"['Akash Sinha', 'Siddharth Sehgal', 'logesh chidambaram', 'Sparsh Jain', 'Shubham Atlani', 'Harsha Vardhan Chandra', 'Vibhor Jain', 'Charan Sriramula', 'Aman Siddhartha', 'Priyesh Agarwal', 'Reeju Datta']","['OPEN SOURCE', 'USER EXPERIENCE', 'FINTECH', 'INTERNET OF THINGS', 'DEVELOPER TOOLS', 'TECH', 'APIS']"
2240,Galaxy Mac OS X Remastered Wallpapers,207,https://www.producthunt.com/r/220ca7b9597d97,No reviews until now,No Review Score until now,['Rafael Conde'],['Rafael Conde'],"['WALLPAPER', 'MAC']"
2241,Social Rebel,280,https://www.producthunt.com/r/23b86485f0738e,No reviews until now,No Review Score until now,['Trey Cannon'],['Trey Cannon'],"['OPEN SOURCE', 'SOCIAL MEDIA TOOLS', 'ANALYTICS', 'MARKETING', 'INTERNET OF THINGS', 'SOFTWARE ENGINEERING', 'ARTIFICIAL INTELL...', 'PRODUCT HUNT', 'MONEY', 'PRODUCTIVITY']"
2242,Fella,172,https://www.producthunt.com/r/793af963ec79d6,1 Review,5.0/5,['Kat Manalac'],"['Richie Cartwright', 'Luke Harries']","['BIOHACKING', 'TECH', 'MEDTECH', 'HEALTH AND FITNESS']"
2243,MillionDollarTokenPage.com,161,https://www.producthunt.com/r/e4d6cdc051aae7,7 Reviews,3.0/5,['Chris Messina'],"['Krishan', 'A Fox']",['CRYPTO']
2244,Post Generator,85,https://www.producthunt.com/r/53bee596456f07,1 Review,5.0/5,['Anuraj P'],['Anuraj P'],['PRODUCTIVITY']
2245,POSTER I LOVE,118,https://www.producthunt.com/r/40d3186c9034fc,3 Reviews,5.0/5,['Marc Levin'],"['Alex Nowak', 'Marc Levin']","['MARKETING', 'DESIGN TOOLS']"
2246,Page2API,76,https://www.producthunt.com/r/1ed9680ffe97db,No reviews until now,No Review Score until now,['Nicolae Rotaru'],['Nicolae Rotaru'],"['MARKETING', 'DEVELOPER TOOLS', 'TECH', 'APIS']"
2247,Tailwind Palette,64,https://www.producthunt.com/r/7ae2bd1979e97b,No reviews until now,No Review Score until now,['Meet Zaveri'],['Meet Zaveri'],No Industry type
2248,KnowCode,66,Link not present,1 Review,5.0/5,['Bruno Muniz'],['Bruno Muniz'],"['DEVELOPER TOOLS', 'NO-CODE', 'USER EXPERIENCE']"
2249,Wakeout for Mac,59,https://www.producthunt.com/r/3b79e140f50f15,No reviews until now,No Review Score until now,['Pedro Wunderlich'],"['Pedro Wunderlich', 'Andres Canella']","['MAC', 'MAC MENU BAR APPS', 'IPHONE']"
2250,Artra,55,https://www.producthunt.com/r/3a70fbe8c98bf2,No reviews until now,No Review Score until now,['Tommy Bowden'],"['Tommy Bowden', 'Ian Wallace']","['ART', 'MOVIES', 'MARKETING', 'SPACE', 'PHOTOGRAPHY', 'MUSIC']"
2251,CLB Emoji,51,https://www.producthunt.com/r/00824deb66089e,No reviews until now,No Review Score until now,['Niko Draca'],['Niko Draca'],"['MUSIC', 'DRAKE', 'EMOJI']"
2252,speechx,47,https://www.producthunt.com/r/e5f35feddcdbcf,No reviews until now,No Review Score until now,['Raj Kasi'],['Raj Kasi'],"['EDUCATION', 'ARTIFICIAL INTELL...', 'AUDIO AND VOICE', 'PRODUCTIVITY']"
2253,BASH,50,https://www.producthunt.com/r/a499a9b4961a8b,No reviews until now,No Review Score until now,['Joost Carpay'],"['Joost Carpay', 'Thijs Slijkhuis', 'Maarten Oudejans']","['TECH', 'EVENTS']"
2254,Signally,48,https://www.producthunt.com/r/70b2c19239e152,No reviews until now,No Review Score until now,['Phil Harper'],['Phil Harper'],"['CRYPTO', 'SOCIAL MEDIA TOOLS']"
2255,VUIchallenge,41,https://www.producthunt.com/r/1b0d159e5c5b76,No reviews until now,No Review Score until now,['Jes√∫s Mart√≠n'],['Jes√∫s Mart√≠n'],"['USER EXPERIENCE', 'ARTIFICIAL INTELL...', 'ALEXA SKILLS', 'DESIGN TOOLS']"
2256,Stellify,39,https://www.producthunt.com/r/581cb6a66b5458,No reviews until now,No Review Score until now,['Matthew Anderson'],['Matthew Anderson'],No Industry type
2257,Tok Reviews,39,https://www.producthunt.com/r/20825517e03665,No reviews until now,No Review Score until now,['Bernat Diez'],['Bernat Diez'],"['MARKETING', 'E-COMMERCE', 'SALES']"
2258,API BOT,37,https://www.producthunt.com/r/cf9d743d5fa5f7,No reviews until now,No Review Score until now,['abrie els'],['abrie els'],No Industry type
2259,APPA Notify,37,https://www.producthunt.com/r/ad02382430d7f6,1 Review,5.0/5,['Ugur DOGAN'],"['Ugur DOGAN', 'Burak Ka≈üƒ±kcƒ±']","['NEWS', 'USER EXPERIENCE', 'WEB APP']"
2260,Mirror,33,https://www.producthunt.com/r/b9c0c6e2b157e9,No reviews until now,No Review Score until now,['Kenefe'],"['Kenefe', 'Francesca']","['PRODUCTIVITY', 'DESIGN TOOLS']"
2261,GGMorse,31,https://www.producthunt.com/r/7886b8064ae262,No reviews until now,No Review Score until now,['Georgi Gerganov'],['Georgi Gerganov'],"['IPHONE', 'TECH', 'AUDIO AND VOICE', 'ANDROID']"
2262,Ppoll,30,https://www.producthunt.com/r/57048ee6ffdb43,No reviews until now,No Review Score until now,['ichiroadris'],['ichiroadris'],"['SAAS', 'PRODUCTIVITY']"
2263,LiveAgent Customer Service Academy,30,https://www.producthunt.com/r/74bd724e388d8c,No reviews until now,No Review Score until now,['Daniel Piso≈à'],['Daniel Piso≈à'],"['MARKETING', 'PRODUCTIVITY']"
2264,Brain Test,31,https://www.producthunt.com/r/dbaed3df21b998,1 Review,5.0/5,['Max X'],['Max X'],"['INDIE GAMES', 'FREE GAMES', 'EDUCATION', 'GAMES', 'ANDROID']"
2265,Classify House,25,https://www.producthunt.com/r/9f812d09b0d787,No reviews until now,No Review Score until now,['Cody Krecicki'],['Cody Krecicki'],"['ARTIFICIAL INTELL...', 'PRODUCTIVITY']"
2266,EZ Notes,23,https://www.producthunt.com/r/51b79bf39fda9e,No reviews until now,No Review Score until now,['Alex M'],['Alex M'],"['PRODUCTIVITY', 'NOTE', 'TECH', 'ANDROID']"
2267,TezID,24,https://www.producthunt.com/r/112cd922e03758,No reviews until now,No Review Score until now,['Jon Arne S√¶ter√•s'],"['Jon Arne S√¶ter√•s', 'Asbj√∏rn Enge']","['CRYPTO', 'TECH', 'FINTECH']"
2268,Jab Finder,25,https://www.producthunt.com/r/60d99c7e182a42,No reviews until now,No Review Score until now,['Kaushalya Rathnayake'],['Kaushalya Rathnayake'],"['MEDTECH', 'TECH']"
2269,AdSets,898,https://www.producthunt.com/r/5f473273faad11,8 Reviews,5.0/5,['Akhil BVS'],['Akhil BVS'],"['ADVERTISING', 'MARKETING']"
2270,Nansen,599,https://www.producthunt.com/r/e9bbd39ad94a8c,8 Reviews,5.0/5,['Aditya'],"['Evgeny Medvedev', 'Ingrid', 'Alex Svanevik', 'Journey', 'Akshay', 'Paul Harwood', 'Darren Lim', 'Aditya Ramasubramanian', 'Daniel', 'Hans Olav', 'Diego Bernardo']","['CRYPTO', 'TECH', 'ANALYTICS']"
2271,RevSync,364,https://www.producthunt.com/r/aa9bf13c0d7ec5,3 Reviews,4.4/5,['David Lo Dico'],['David Lo Dico'],"['TWITTER', 'EMAIL NEWSLETTERS']"
2272,Phantom,367,https://www.producthunt.com/r/4c927be1a5f9d2,4 Reviews,5.0/5,['Aditya'],"['Francesco Agosti', 'Brandon Millman', 'Chris Kalani']","['CRYPTO', 'PRODUCTIVITY']"
2273,Cibo,277,https://www.producthunt.com/r/9f8a1aa1276877,2 Reviews,5.0/5,['Jordi Bruin'],['Jordi Bruin'],"['AUGMENTED REALITY', 'IPHONE']"
2274,Adtuo,262,https://www.producthunt.com/r/f0f2ed8dad1483,1 Review,4.4/5,['Kevin William David'],"['Paula Guti√©rrez', 'Mike Ivars', 'V√≠ctor Arenas', 'M¬™ Jos√© Ivars', 'Elena Aznar']","['ADVERTISING', 'TECH', 'MARKETING']"
2275,Holly Health 2.0,212,https://www.producthunt.com/r/de94f4744f4b7f,1 Review,5.0/5,['Grace Gimson'],"['Grace Gimson', 'Claire Wu', 'In√™s Gra√ßa', 'Daniela Mercado Beivide', 'Jos Shepherd']","['IPHONE', 'HEALTH AND FITNESS', 'PRODUCTIVITY', 'USER EXPERIENCE', 'ARTIFICIAL INTELL...', 'ANDROID']"
2276,Campaignware,216,https://www.producthunt.com/r/061ca73f3c819b,5 Reviews,5.0/5,['Dan Siepen'],"['Adam Mussa', 'Adam Jackson']","['DESIGN TOOLS', 'INSTAGRAM', 'TWITTER', 'FACEBOOK', 'SOCIAL MEDIA TOOLS', 'EMAIL MARKETING', 'MARKETING', 'TECH', 'WEB APP']"
2277,Playsit,180,https://www.producthunt.com/r/4edac7692161d9,1 Review,5.0/5,['Viktor Kram'],"['Viktor Kram', 'Artem Davydov']","['GAMES', 'IPHONE']"
2278,Vybe,169,Link not present,5 Reviews,3.6/5,['Arnav Bathla'],"['Arnav Bathla', 'Shlok']","['TECH', 'CRYPTO']"
2279,Dungeons and Data Structures,113,https://www.producthunt.com/r/2386ec11b99c0d,1 Review,5.0/5,['Ben'],"['Ben', 'Joy Zhang']","['ARTIFICIAL INTELL...', 'BOTS', 'GAMES', 'EDUCATION']"
2280,SquareOne,169,Link not present,3 Reviews,5.0/5,['Ian Burgess'],"['Ian Burgess', 'Chris McCarney']","['SALES', 'SAAS', 'ARTIFICIAL INTELL...', 'PRODUCTIVITY']"
2281,Membercord,75,https://www.producthunt.com/r/f16dc7c454ae73,No reviews until now,No Review Score until now,['Joel Nyberg'],['Joel Nyberg'],No Industry type
2282,Foraged,63,https://www.producthunt.com/r/a3c33cf60fc969,3 Reviews,5.0/5,['Jack Hamrick'],['Jack Hamrick'],"['E-COMMERCE', 'OUTDOORS', 'COOKING']"
2283,BeeTrendy Daily,51,https://www.producthunt.com/r/ae18ed73435fa7,No reviews until now,No Review Score until now,['Kevin William David'],['Rajat Vaghani'],"['EMAIL NEWSLETTERS', 'TECH', 'NEWS']"
2284,Pearl,56,https://www.producthunt.com/r/bfee9c1fc89702,No reviews until now,No Review Score until now,['Matt Waller'],['Matt Waller'],"['IPAD', 'MAC', 'HEALTH AND FITNESS', 'IPHONE']"
2285,Emoji + Color,58,https://www.producthunt.com/r/16d8a05b527bb4,No reviews until now,No Review Score until now,"[""Aaron O'Leary""]",['Gala'],"['FUNNY', 'EMOJI', 'PRODUCTIVITY', 'APPLE', 'IPHONE']"
2286,Rocket Crew,49,https://www.producthunt.com/r/cbf18ab0d03049,No reviews until now,No Review Score until now,['Pierre R'],['Pierre R'],"['SPACE', 'HIRING AND RECRUI...']"
2287,Hawk Sales Prospecting Software,40,https://www.producthunt.com/r/94e18e43b25e6d,No reviews until now,No Review Score until now,['Mohamad Alasadi'],['Mohamad Alasadi'],"['TECH', 'MARKETING']"
2288,Hivebrite,42,https://www.producthunt.com/r/12c32b06fc02c8,No reviews until now,No Review Score until now,['Ravi Sethia'],['Jean Hamon'],"['TECH', 'MARKETING']"
2289,Pokedaily,33,https://www.producthunt.com/r/b500159019aaa5,No reviews until now,No Review Score until now,['Diamant L.'],['Diamant L.'],"['FUNNY', 'GITHUB', 'POKEMON', 'WEB APP']"
2290,ETHTalk,38,https://www.producthunt.com/r/9adb7a648e157d,No reviews until now,No Review Score until now,['Chun Rapeepat'],['Chun Rapeepat'],"['USER EXPERIENCE', 'TECH', 'PRODUCTIVITY']"
2291,Speed Brain,38,https://www.producthunt.com/r/4edad947a3d37d,No reviews until now,No Review Score until now,['Shubham Vernekar'],['Shubham Vernekar'],"['PRODUCTIVITY', 'STRATEGY GAMES', 'PUZZLE GAMES', 'FREE GAMES', 'EDUCATION', 'GAMES', 'ANDROID']"
2292,Cryplect,31,https://www.producthunt.com/r/05e48185cb7574,No reviews until now,No Review Score until now,['Marek Kesk√ºll'],['Marek Kesk√ºll'],"['TECH', 'CRYPTO']"
2293,NexPage,25,Link not present,No reviews until now,No Review Score until now,['Tan Zhi Rong'],['Tan Zhi Rong'],"['WEB APP', 'EDUCATION', 'TECH', 'BOOKS', 'APPLE', 'ANDROID']"
2294,Infinite Stopwatch,26,https://www.producthunt.com/r/168db22b9f8ab5,No reviews until now,No Review Score until now,['Erkan Karabulut'],['Erkan Karabulut'],"['PRODUCTIVITY', 'ANDROID']"
2295,Micro Invest,"1,333",https://www.producthunt.com/r/e949e51519cd9c,17 Reviews,4.6/5,['Mohd Danish'],['Mohd Danish'],"['INVESTING', 'WEB APP']"
2296,Therappy 2.0,429,https://www.producthunt.com/r/9923a0e25fda2f,5 Reviews,4.7/5,['Innokenty Nesterenko'],"['Kirill Struk', 'Maxim Volodin']","['PRODUCTIVITY', 'HEALTH AND FITNESS']"
2297,CBC List,298,https://www.producthunt.com/r/c9d8ea1b70b036,5 Reviews,5.0/5,['Akshit Verma'],['Akshit Verma'],"['PRODUCTIVITY', 'USER EXPERIENCE', 'MARKETING', 'GROWTH HACKING', 'DEVELOPER TOOLS', 'TECH', 'DESIGN TOOLS']"
2298,SheetHacks by Polymer Search,271,https://www.producthunt.com/r/8dfaa4945ccd59,3 Reviews,5.0/5,['Chris Messina'],"['Yasser Ansari', 'Ash Gupta']",No Industry type
2299,Loot,253,https://www.producthunt.com/r/1a0882c3ef3c44,3 Reviews,3.8/5,['Aditya'],['dom hofmann'],"['CRYPTO', 'ART']"
2300,Practice.dev 2.0,197,https://www.producthunt.com/r/a0d025731a09d4,No reviews until now,No Review Score until now,['≈Åukasz Sentkiewicz'],['≈Åukasz Sentkiewicz'],"['EDUCATION', 'GROWTH HACKING', 'CRYPTO', 'WEB APP']"
2301,Offline Text To Speech,166,https://www.producthunt.com/r/ef30209ec4e0c6,4 Reviews,5.0/5,['Virej Dasani'],['Virej Dasani'],"['PRODUCTIVITY', 'USER EXPERIENCE', 'INTERNET OF THINGS', 'GITHUB', 'TECH', 'GOOGLE', 'WEB APP']"
2302,Podopi,161,https://www.producthunt.com/r/da90fe68ad6fb6,2 Reviews,3.0/5,['Mickel'],['Mickel'],"['MARKETING', 'AUDIO AND VOICE', 'PRODUCTIVITY']"
2303,Online Countdown by Datelist,134,https://www.producthunt.com/r/2dc29aad4339cb,1 Review,5.0/5,['Alexis Clarembeau'],['Alexis Clarembeau'],"['PRODUCTIVITY', 'EVENTS', 'WEB APP']"
2304,Zipit,143,https://www.producthunt.com/r/4b9c84415b66a4,1 Review,5.0/5,['Dillon Peterson'],['Dillon Peterson'],"['DEVELOPER TOOLS', 'AMAZON']"
2305,RemotelyPro,71,https://www.producthunt.com/r/e658a7372062e8,No reviews until now,No Review Score until now,['Phillip LeMaster'],['Phillip LeMaster'],"['PRODUCTIVITY', 'HIRING AND RECRUI...']"
2306,periodical,74,https://www.producthunt.com/r/4f01d2b6606d5b,1 Review,1.0/5,['Michael Mangialardi'],['Michael Mangialardi'],"['PRODUCTIVITY', 'BOOKS', 'WEB APP']"
2307,PMThings Gantt Chart,63,https://www.producthunt.com/r/9ca5797797c53a,No reviews until now,No Review Score until now,['Alexey'],['Alexey'],"['REMOTE WORK TOOLS', 'PRODUCTIVITY']"
2308,Dapi 1.0,63,https://www.producthunt.com/r/01318fcbdf7851,No reviews until now,No Review Score until now,['wwayne'],['wwayne'],"['DEVELOPER TOOLS', 'PRODUCTIVITY']"
2309,GIZI,59,https://www.producthunt.com/r/9903f0f9b05639,No reviews until now,No Review Score until now,['Febin Babu Cheloor'],['Febin Babu Cheloor'],"['TECH', 'NO-CODE', 'IPHONE']"
2310,ValuableRare,46,https://www.producthunt.com/r/b20eb60f115536,No reviews until now,No Review Score until now,['Richard Fang'],['Richard Fang'],"['TECH', 'HOME']"
2311,Invoice Manager for Notion,46,https://www.producthunt.com/r/cc1a2b8fb26519,No reviews until now,No Review Score until now,['Sahil Vhora'],['Sahil Vhora'],"['FINTECH', 'MONEY', 'PRODUCTIVITY']"
2312,Nifty Comedians,49,https://www.producthunt.com/r/ab0ccd84c71179,No reviews until now,No Review Score until now,['Katy Kinsey'],['Katy Kinsey'],"['USER EXPERIENCE', 'INVESTING', 'CRYPTO', 'TECH', 'ART']"
2313,R2DTools,42,https://www.producthunt.com/r/f0140f27d81b9d,No reviews until now,No Review Score until now,['Alexandr Tikhonov'],['Alexandr Tikhonov'],"['DEVELOPER TOOLS', 'TECH', 'SAAS']"
2314,Classdoor,39,https://www.producthunt.com/r/cc345ca18aaa34,No reviews until now,No Review Score until now,['Anthony Bochrinis'],['Anthony Bochrinis'],No Industry type
2315,Open Source Collage,38,https://www.producthunt.com/r/8edc6426b51323,No reviews until now,No Review Score until now,['Bian Lee'],['Bian Lee'],"['EDUCATION', 'TECH', 'USER EXPERIENCE']"
2316,Neo Snake,32,https://www.producthunt.com/r/f7708edc5e1e1a,No reviews until now,No Review Score until now,['Michael Gavrilo'],['Michael Gavrilo'],"['FREE GAMES', 'GAMES', 'ANDROID']"
2317,EasySignage Digital Signage,31,https://www.producthunt.com/r/0bcb81ae31f209,No reviews until now,No Review Score until now,['Issa'],['Issa'],No Industry type
2318,ViewFinder Pro,29,https://www.producthunt.com/r/dd5595cb9f5e43,No reviews until now,No Review Score until now,['Cris Stringfellow'],['Cris Stringfellow'],"['CUSTOMER COMMUNIC...', 'DEVELOPER TOOLS', 'TECH', 'REMOTE WORK TOOLS', 'WEB APP']"
2319,Health and Medical Calculator,26,https://www.producthunt.com/r/e1d9b3a4ac7214,No reviews until now,No Review Score until now,['Stuart White'],['Stuart White'],"['HEALTH AND FITNESS', 'TECH', 'MEDTECH', 'ANDROID']"
2320,Aura Smart Systems,25,https://www.producthunt.com/r/3f4e82baa3b64e,No reviews until now,No Review Score until now,['Abrar Ahmed'],"['Abrar Ahmed', 'Jasman Singh']","['IPHONE', 'HOME', 'INTERNET OF THINGS', 'WEARABLES', 'ARTIFICIAL INTELL...', 'ANDROID']"
2321,SpeechText.AI for Chrome,267,https://www.producthunt.com/r/d975391cce1816,3 Reviews,4.2/5,['Robert Gehring'],['Robert Gehring'],"['PRODUCTIVITY', 'ARTIFICIAL INTELL...', 'CHROME EXTENSIONS']"
2322,Taxarly,284,https://www.producthunt.com/r/94a9c3f48840ba,10 Reviews,4.8/5,['Manan Mehta'],['Manan Mehta'],"['TASK MANAGEMENT', 'CALENDAR AND SCHE...', 'SIDE PROJECTS', 'PRODUCTIVITY']"
2323,No Fap,229,https://www.producthunt.com/r/6b20aa80060d9f,7 Reviews,2.8/5,['Tasnim Anas'],['Tasnim Anas'],"['USER EXPERIENCE', 'ANDROID']"
2324,Chiff,213,https://www.producthunt.com/r/6d7b52ab19f708,5 Reviews,5.0/5,['Wouter Segijn'],"['Bas Doorn', 'Wouter Segijn']","['IPHONE', 'PRODUCTIVITY', 'ANDROID']"
2325,N√¶vner,196,https://www.producthunt.com/r/30d3533e2eedc8,2 Reviews,3.3/5,['Filip Jakobsen'],['Filip Jakobsen'],"['DESIGN TOOLS', 'USER EXPERIENCE', 'DEVELOPER TOOLS', 'WEB APP']"
2326,CertifySimple,154,https://www.producthunt.com/r/9767122c0f68e6,2 Reviews,5.0/5,['Kevin William David'],['Sanskar Tiwari'],No Industry type
2327,Blastar - Space Race,181,https://www.producthunt.com/r/5c2f2cc01ac180,2 Reviews,4.6/5,['Kevin William David'],['Atharva Kharbade'],No Industry type
2328,Catalyst by Zoho,146,https://www.producthunt.com/r/86ced248ec1e34,1 Review,5.0/5,['Poonam Singh'],"['Poonam Singh', 'SRIVIDHYA SUBRAMANIAN']","['DEVELOPER TOOLS', 'ARTIFICIAL INTELL...', 'TECH', 'SOFTWARE ENGINEERING']"
2329,Heyr,146,https://www.producthunt.com/r/ae4b8ca7660f5e,2 Reviews,5.0/5,['Kevin Kwong'],['Kevin Kwong'],"['ARTIFICIAL INTELL...', 'HEALTH AND FITNESS']"
2330,Sort Eat Out,138,https://www.producthunt.com/r/499cb0fee6bb70,7 Reviews,5.0/5,['Dhia Ben Haddej'],['Dhia Ben Haddej'],"['HEALTH AND FITNESS', 'PRODUCTIVITY', 'USER EXPERIENCE', 'CHROME EXTENSIONS']"
2331,Blockchain Grants,61,https://www.producthunt.com/r/5c0a2b8d635d0e,No reviews until now,No Review Score until now,['Vaibhav kalra'],"['Vaibhav kalra', 'ManavKalra']","['INVESTING', 'VENTURE CAPITAL', 'CRYPTO', 'CROWDFUNDING', 'DEVELOPER TOOLS', 'PRODUCTIVITY']"
2332,Capijzo,62,https://www.producthunt.com/r/ba1e3aa4e0a2f4,No reviews until now,No Review Score until now,['Chris Messina'],['Jayvadan Bhojani'],"['WRITING TOOLS', 'CHROME EXTENSIONS']"
2333,Tmania,40,https://www.producthunt.com/r/786f160b14031e,No reviews until now,No Review Score until now,['Jaymit Ghadiya'],['Jaymit Ghadiya'],"['PRODUCTIVITY', 'ANDROID']"
2334,SafeBlob,42,https://www.producthunt.com/r/f1568dda19db38,No reviews until now,No Review Score until now,['St√©phan MORAND'],['St√©phan MORAND'],"['PRODUCTIVITY', 'IPHONE']"
2335,SERV,37,https://www.producthunt.com/r/24d885269fe332,No reviews until now,No Review Score until now,['Sedky Abou-Shamalah'],['Sedky Abou-Shamalah'],"['SOFTWARE ENGINEERING', 'PRODUCTIVITY']"
2336,DIVE - Dating With Games,38,https://www.producthunt.com/r/27f2f8c9f8e77b,No reviews until now,No Review Score until now,['aysenur souther'],['aysenur souther'],"['DATING', 'SOCIAL MEDIA TOOLS', 'TECH', 'IPHONE']"
2337,Use of English PRO,32,https://www.producthunt.com/r/f6be504014ed8f,1 Review,5.0/5,['Pau Sanchez'],['Pau Sanchez'],"['TECH', 'IPHONE']"
2338,Serendipity,26,https://www.producthunt.com/r/2d2d9cdc670abd,No reviews until now,No Review Score until now,['Michael Gavrilo'],['Michael Gavrilo'],"['FREE GAMES', 'GAMES', 'ANDROID']"
2339,ElementClip (App Clip),26,https://www.producthunt.com/r/d84ce83ad435e9,No reviews until now,No Review Score until now,['Deleted User'],No Founders exist yet,"['IPAD', 'PRODUCTIVITY', 'USER EXPERIENCE', 'SCIENCE BOOKS', 'EDUCATION', 'AUGMENTED REALITY', 'TECH', 'IPHONE']"
2340,ABYOW,27,https://www.producthunt.com/r/7a99ca4b0af897,1 Review,5.0/5,['RAVINDER BHARTI'],['RAVINDER BHARTI'],"['DATING', 'TECH', 'ANDROID']"
2341,FitBuddy,24,https://www.producthunt.com/r/2aafb62d9fe9c5,No reviews until now,No Review Score until now,['Jasmine'],['Jasmine'],"['HEALTH AND FITNESS', 'IPHONE']"
2342,Albato,724,https://www.producthunt.com/r/3f3687749d0c20,4 Reviews,4.7/5,['–ê–ª–µ–∫—Å–µ–π –ë–µ–ª—ã–π'],"['Mikhail Fedorinin', '–ê–ª–µ–∫—Å–µ–π –ë–µ–ª—ã–π']","['APIS', 'MARKETING', 'DEVELOPER TOOLS', 'NO-CODE', 'PRODUCTIVITY']"
2343,Capsule 2.0,423,https://www.producthunt.com/r/1403b619559569,3 Reviews,4.4/5,['Champ Bennett'],"['Jacob Sologub', 'Clarke Blackham', 'Joseph Jorgensen', 'MaryAnn Bennett', 'Champ Bennett']","['MARKETING', 'REMOTE WORK TOOLS', 'SOCIAL MEDIA TOOLS']"
2344,Nailted for Slack,347,https://www.producthunt.com/r/014e367d3391e3,5 Reviews,4.8/5,['Jose Ig. Andr√©s'],"['Jose Ig. Andr√©s', 'Javier Anaya Mart√≠nez', 'Jesus Cervi√±o']","['ANALYTICS', 'TECH', 'PRODUCTIVITY']"
2345,Slaps,295,https://www.producthunt.com/r/8571a23f71ba98,4 Reviews,4.4/5,['Kevin William David'],['Laura Saunders'],No Industry type
2346,Card UX/UI,268,https://www.producthunt.com/r/b103f60c46f1af,4 Reviews,4.4/5,['Adam Jakubowski'],['Adam Jakubowski'],"['DEVELOPER TOOLS', 'TECH', 'USER EXPERIENCE']"
2347,Decentrafile,216,https://www.producthunt.com/r/1ef6469912afd2,1 Review,5.0/5,['Cody Krecicki'],['Cody Krecicki'],"['ANONYMOUS', 'DEVELOPER TOOLS', 'PRODUCTIVITY']"
2348,FilterSS,219,https://www.producthunt.com/r/95480c1dd7463d,1 Review,5.0/5,['Frank Eno'],['Frank Eno'],"['PRODUCTIVITY', 'DEVELOPER TOOLS', 'DESIGN TOOLS']"
2349,Value Network,249,https://www.producthunt.com/r/df3c5542b9ec93,7 Reviews,4.8/5,['Artem Levin'],['Artem Levin'],"['FINTECH', 'CRYPTO', 'WEB APP']"
2350,RPGen,150,https://www.producthunt.com/r/29f963dc86bf2e,3 Reviews,5.0/5,['Lyzzi Brooks'],['Lyzzi Brooks'],"['IPHONE', 'WEB APP', 'PRODUCTIVITY', 'RPGS', 'GAMES', 'APPLE', 'ANDROID']"
2351,O.MG Cable,142,https://www.producthunt.com/r/b26a320fd3465e,No reviews until now,No Review Score until now,['Michael Silber'],No Founders exist yet,"['PRIVACY', 'HARDWARE']"
2352,Learnee,69,https://www.producthunt.com/r/a7fcc601ed9390,No reviews until now,No Review Score until now,['Kevin William David'],"['Tuan Duong Quang', 'Alexander Eliseev']","['CROWDFUNDING', 'TECH', 'LEARN A LANGUAGE']"
2353,This Punk Does Not Exist,93,https://www.producthunt.com/r/8484a1cc2aff34,4 Reviews,4.5/5,['Joshua'],['Joshua'],"['CRYPTO', 'ART']"
2354,Pomodory,60,https://www.producthunt.com/r/8028fda9aada66,No reviews until now,No Review Score until now,['uxactly'],"['uxactly', 'David Schulz']","['WEB APP', 'PRODUCTIVITY', 'USER EXPERIENCE', 'IPHONE']"
2355,Feel Something,61,https://www.producthunt.com/r/78755207e437a4,No reviews until now,No Review Score until now,['Hiten Shah'],['Pat Timmons'],"['BOOKS', 'MARKETING']"
2356,EmailWritr,64,https://www.producthunt.com/r/a3736e314d3fb0,No reviews until now,No Review Score until now,['Augustine Esheya'],"['Augustine Esheya', 'Peter Onwe']","['EMAIL NEWSLETTERS', 'WRITING TOOLS', 'EMAIL MARKETING', 'EMAIL']"
2357,Reach It,68,https://www.producthunt.com/r/3894aedd847e3d,No reviews until now,No Review Score until now,['Yosua Putra'],['Yosua Putra'],"['PRODUCTIVITY', 'ANDROID']"
2358,NFTnest,56,https://www.producthunt.com/r/1d893a934f0ca6,1 Review,5.0/5,['Arsh verma'],['Arsh verma'],No Industry type
2359,MessageDesk,63,https://www.producthunt.com/r/c37a93dc01198b,No reviews until now,No Review Score until now,['Kyle Kuczynski'],"['Kyle Kuczynski', 'Josh Merryman', 'Ben']","['SALES', 'PAYMENT', 'MARKETING', 'SAAS', 'E-COMMERCE', 'BOTS', 'TECH', 'MESSAGING']"
2360,Smart Guess for Planning Poker,46,https://www.producthunt.com/r/cc712e6d93c706,No reviews until now,No Review Score until now,['Bj√∂rn Brynjar J√≥nsson'],['Bj√∂rn Brynjar J√≥nsson'],No Industry type
2361,Market Finder,44,https://www.producthunt.com/r/dd4d98c241362b,No reviews until now,No Review Score until now,['Gautam Mehra'],['Gautam Mehra'],"['MARKETING', 'ADVERTISING', 'SEO TOOLS', 'SOCIAL MEDIA TOOLS']"
2362,StoreJars,33,https://www.producthunt.com/r/5a720a4cc9514f,No reviews until now,No Review Score until now,['Victor Akerele'],['Victor Akerele'],"['TECH', 'E-COMMERCE']"
2363,Secret Language of Birthdays,31,https://www.producthunt.com/r/2638381f38a238,No reviews until now,No Review Score until now,['Philip Tadros'],['Philip Tadros'],"['DATING', 'IPHONE']"
2364,Adrobox,30,https://www.producthunt.com/r/c091fd2769c3ee,No reviews until now,No Review Score until now,['Alexander Evstratov'],['Alexander Evstratov'],"['IPHONE', 'PRODUCTIVITY', 'MARKETING', 'ANDROID']"
2365,Seven Workout,29,https://www.producthunt.com/r/ddd65511bf5701,No reviews until now,No Review Score until now,['Maxime Tant'],['Maxime Tant'],"['IPHONE', 'HEALTH AND FITNESS', 'PRODUCTIVITY', 'HOME', 'SPORTS', 'TECH', 'APPLE', 'ANDROID']"
2366,Rooby Bars,30,https://www.producthunt.com/r/658532b2352988,No reviews until now,No Review Score until now,['Evgeny'],['Evgeny'],"['FEMTECH', 'E-COMMERCE']"
2367,nunci,28,https://www.producthunt.com/r/c5a9d24424d21f,No reviews until now,No Review Score until now,['Nicholas Trampe'],['Nicholas Trampe'],"['EDUCATION', 'LEARN A LANGUAGE', 'PRODUCTIVITY']"
2368,Big Brain Academy‚Ñ¢ Brain vs. Brain,28,Link not present,No reviews until now,No Review Score until now,['Aditya'],No Founders exist yet,"['PUZZLE GAMES', 'GAMES', 'FUNNY']"
2369,GHOSTBOYZ,26,https://www.producthunt.com/r/1295d28a68bc66,No reviews until now,No Review Score until now,['Joan Westenberg'],No Founders exist yet,"['CRYPTO', 'ART']"
2370,Unicorn Platform 4.0,935,https://www.producthunt.com/r/b0c6542f626c98,16 Reviews,4.9/5,['Kevin William David'],"['Alexander Isora ü¶Ñ', 'Elisey Gubarev']","['TECH', 'DESIGN TOOLS']"
2371,Analytics Pack,601,https://www.producthunt.com/r/6644c5204beea0,1 Review,5.0/5,['Adrien Montcoudiol'],"['Enzo Avigo', 'Ferruccio Balestreri', 'Vinayak Mehta', 'Adis Banda']","['USER EXPERIENCE', 'ANALYTICS', 'SAAS', 'TECH', 'WEB APP']"
2372,E-Commerce Checklist,625,https://www.producthunt.com/r/197760d158f1d7,11 Reviews,5.0/5,['Yucel Faruk Sahan'],"['Yucel Faruk Sahan', 'Umut S√∂nmez']","['MARKETING', 'E-COMMERCE', 'PRODUCTIVITY']"
2373,Newsletter Spy 2.0,485,https://www.producthunt.com/r/edc2b8d3be438b,2 Reviews,5.0/5,['Jakob Greenfeld'],['Jakob Greenfeld'],"['ANALYTICS', 'TECH', 'EMAIL NEWSLETTERS']"
2374,Earnify,343,https://www.producthunt.com/r/71385ad4767e51,3 Reviews,5.0/5,['Ethan Shohet'],['Ethan Shohet'],"['SALES', 'SAAS', 'TECH', 'PRODUCTIVITY']"
2375,Photure,297,https://www.producthunt.com/r/f06b2ab302531c,2 Reviews,5.0/5,['Patrick Pistor'],"['Patrick Pistor', 'Evan Morris']","['CRYPTO', 'PHOTOGRAPHY', 'TECH', 'IPHONE']"
2376,Documents X by Readdle,259,https://www.producthunt.com/r/c0070d37a610f5,8 Reviews,5.0/5,['Maria Henyk'],"['Maria Henyk', 'Eugeny Plokhoj', 'Pavel Sakhatskyi', 'Artem Azarov', 'Vlad Stepanov', 'Serhii Ihnatenko', 'Daria Kovalenko', 'Olga Tatarchenkova', 'Iljina Olga', 'Alexandra Pashel', ""Constantine Gres'ko"", 'Denys Zhadanov', 'Andrian Budantsov', 'Ivan Artsimovich']","['PRODUCTIVITY', 'TECH', 'IPHONE']"
2377,Context,294,https://www.producthunt.com/r/8a8435ae79f8a9,4 Reviews,5.0/5,['Kevin William David'],['Berna Gonzalez'],"['MARKETING', 'TECH', 'USER EXPERIENCE']"
2378,NFT Degen Tracker,245,https://www.producthunt.com/r/f34bd10a1c0997,2 Reviews,4.0/5,['Othmane E.'],['Othmane E.'],"['CRYPTO', 'TECH', 'ANALYTICS']"
2379,Tulipshare,235,https://www.producthunt.com/r/c8990516bbb91d,2 Reviews,5.0/5,['Timur Garifzyanov'],['Antoine Argouges'],"['INVESTING', 'GREEN TECH', 'TECH', 'SOCIAL IMPACT', 'FINTECH']"
2380,Free AI Paraphraser,133,https://www.producthunt.com/r/8af46ac1add7ab,No reviews until now,No Review Score until now,['Dilyar Buzan'],['Dilyar Buzan'],"['ARTIFICIAL INTELL...', 'MARKETING']"
2381,Jaadoo (iOS & Android),128,https://www.producthunt.com/r/dc3f63251ab314,4 Reviews,5.0/5,['Nav Chatterji'],['Arpan Desai'],"['IPHONE', 'PRODUCTIVITY', 'PRIVACY', 'ARTIFICIAL INTELL...', 'ANDROID']"
2382,Compito,100,https://www.producthunt.com/r/c45edd9af77406,No reviews until now,No Review Score until now,['Adithya Sreyaj'],['Adithya Sreyaj'],"['DEVELOPER TOOLS', 'PRODUCTIVITY']"
2383,Tabji,105,https://www.producthunt.com/r/85ac617c0cc53d,1 Review,5.0/5,['Imed Adel'],['Imed Adel'],"['PRODUCTIVITY', 'CHROME EXTENSIONS']"
2384,Marketing Mentors,81,https://www.producthunt.com/r/43972975071c37,No reviews until now,No Review Score until now,['Kristina Perov≈°ek'],['Kristina Perov≈°ek'],"['MARKETING', 'ADVERTISING', 'PRODUCTIVITY']"
2385,Fleetbase Storefront,62,https://www.producthunt.com/r/34bd1f41aee940,No reviews until now,No Review Score until now,['Shiv Thakker'],"['Shiv Thakker', 'Ronald A. Richardson']","['OPEN SOURCE', 'MOVING AND STORAGE', 'TRANSPORTATION', 'DEVELOPER TOOLS', 'GITHUB', 'DELIVERY', 'E-COMMERCE', 'UBER']"
2386,Podpal,56,https://www.producthunt.com/r/06ebd7574dcb55,1 Review,5.0/5,['Aaron P. Woods'],"['Aaron P. Woods', 'Keith Marcel Woods']","['DESIGN TOOLS', 'PRODUCTIVITY', 'TASK MANAGEMENT', 'USER EXPERIENCE', 'MARKETING', 'ADVERTISING', 'TECH', 'WEB APP']"
2387,Buying Signals,47,https://www.producthunt.com/r/c4a83e349274da,No reviews until now,No Review Score until now,['Steve Glaveski'],['Steve Glaveski'],"['MARKETING', 'SALES']"
2388,Crank CRM,55,https://www.producthunt.com/r/08c11694c2a580,1 Review,5.0/5,['Alex Jay'],"['Alex Jay', 'Dean Hopkins', 'Nadia Bakir - J']","['USER EXPERIENCE', 'TECH', 'PRODUCTIVITY']"
2389,TweeView,43,https://www.producthunt.com/r/6623a68ef12017,No reviews until now,No Review Score until now,['Terence Eden ‚èª'],['Terence Eden ‚èª'],"['USER EXPERIENCE', 'TWITTER', 'TECH', 'VIRTUAL REALITY']"
2390,Quite a Playlist,40,https://www.producthunt.com/r/6b44424496b5ef,No reviews until now,No Review Score until now,['Shubham Jain'],['Shubham Jain'],"['YOUTUBE', 'WEB APP']"
2391,First Fan of Yours,38,https://www.producthunt.com/r/a10b17480d44c6,No reviews until now,No Review Score until now,['Alex Shrestha'],"['Alex Shrestha', 'Marek Sivak']",No Industry type
2392,Digsby,38,https://www.producthunt.com/r/25484e5b3778f4,No reviews until now,No Review Score until now,['Chris Messina'],"['Craig Williams', 'Tom Marsh']","['TRAVEL', 'FACEBOOK MESSENGER', 'AIRBNB', 'SAAS']"
2393,The Coin Perspective,38,https://www.producthunt.com/r/e3b92d54d3fb96,No reviews until now,No Review Score until now,['Andrea M'],['Andrea M'],"['FINTECH', 'INVESTING', 'CRYPTO', 'PRODUCTIVITY']"
2394,CheapTripAlerts,37,https://www.producthunt.com/r/4866b5ed8a6ee3,No reviews until now,No Review Score until now,['Apostolos Dedeloudis'],['Apostolos Dedeloudis'],"['EMAIL NEWSLETTERS', 'TRAVEL', 'EMAIL']"
2395,Marconf,35,https://www.producthunt.com/r/462dca3c61f5a9,No reviews until now,No Review Score until now,['Donte Ledbetter'],['Donte Ledbetter'],"['EVENTS', 'MARKETING', 'PRODUCTIVITY']"
2396,Razu,31,https://www.producthunt.com/r/5bdf2ed65e7fae,No reviews until now,No Review Score until now,['Marc Saint-Ulysse'],['Marc Saint-Ulysse'],"['SOCIAL MEDIA TOOLS', 'AUDIO AND VOICE', 'MUSIC']"
2397,Pauch,31,Link not present,No reviews until now,No Review Score until now,['Hoon Choi'],['Hoon Choi'],"['TECH', 'PRODUCTIVITY']"
2398,Ergatta,45,https://www.producthunt.com/r/c5774074ab21b1,2 Reviews,5.0/5,['Sarah Wright'],['Prasanna Swaminathan'],No Industry type
2399,GetTilo,27,https://www.producthunt.com/r/2e19edb345c53e,No reviews until now,No Review Score until now,['Maria Eugenia Viola'],['Maria Eugenia Viola'],No Industry type
2400,GreatWhip Cream Charger,25,https://www.producthunt.com/r/b35836ed85ca4a,No reviews until now,No Review Score until now,['Felix Chen'],['Felix Chen'],No Industry type
2401,Triviafy,23,https://www.producthunt.com/r/a95611db5370fe,No reviews until now,No Review Score until now,['Robert Borowski'],['Robert Borowski'],"['TECH', 'REMOTE WORK TOOLS', 'SLACK']"
2402,CoinChum,25,https://www.producthunt.com/r/3276a940a9018e,No reviews until now,No Review Score until now,['Daniel Yan'],['Daniel Yan'],"['TECH', 'CRYPTO']"
2403,PAGiiS,21,https://www.producthunt.com/r/0643a5d555fcf0,No reviews until now,No Review Score until now,"[""Marley'bongwe Mlambo""]","[""Marley'bongwe Mlambo""]","['MARKETING', 'EDUCATION', 'ADVERTISING', 'SOCIAL IMPACT', 'USER EXPERIENCE']"
2404,Meet Pass,21,https://www.producthunt.com/r/a417491301717a,No reviews until now,No Review Score until now,['Vimal Vincent'],['Vimal Vincent'],"['TASK MANAGEMENT', 'MEETINGS', 'PRODUCTIVITY']"
2405,Mubert Render,"1,491",https://www.producthunt.com/r/c16f2923110b52,24 Reviews,4.8/5,['Tristan Pollock'],"['Dancing Teeth', 'Alexey Kochetkov', 'Boris Goncharov', 'Vadim Baryshev', 'Marko Nykoliuk', 'helen', 'Eve Shalenko']","['MUSIC', 'VIDEO STREAMING', 'ART', 'MARKETING', 'ARTIFICIAL INTELL...', 'YOUTUBE', 'WEB APP']"
2406,Telegram 8.0,604,https://www.producthunt.com/r/d9b078b311217f,6 Reviews,4.8/5,['Chris Messina'],['Pavel Durov'],"['MESSAGING', 'SOCIAL MEDIA TOOLS', 'BOTS', 'TELEGRAM']"
2407,leap.club,463,https://www.producthunt.com/r/bbcf5fa9320acd,6 Reviews,4.8/5,['Aditya Sher'],"['Ragini Das', 'Anand Sinha']","['IPHONE', 'PRODUCTIVITY', 'MESSAGING', 'SOCIAL MEDIA TOOLS', 'EDUCATION', 'TECH', 'ANDROID']"
2408,Plug & Play by Swapstack,405,https://www.producthunt.com/r/7f10b618b0dee3,3 Reviews,5.0/5,['Andreas Klinger'],"['Jake Schonberger', 'Jake Singer', '‚ú® Vidya ‚ú®', 'Anangsha Alammyan', 'Nicolas Ordonez']","['MARKETING', 'ADVERTISING', 'EMAIL NEWSLETTERS']"
2409,Superbuild 2.0,382,https://www.producthunt.com/r/5b42375d16dc8f,6 Reviews,3.9/5,['Matteo Mosca'],['Matteo Mosca'],"['EDUCATION', 'NO-CODE', 'MARKETING']"
2410,Slantt,360,https://www.producthunt.com/r/47f962ca6a0fd4,5 Reviews,5.0/5,['David Gill'],['David Gill'],No Industry type
2411,Remote Choice 2.0,257,https://www.producthunt.com/r/1b0463c6c561d2,1 Review,3.0/5,['Leandro'],['Leandro'],"['TRAVEL', 'NOMAD LIFESTYLE']"
2412,Whole,317,https://www.producthunt.com/r/a97063cfcb3f56,10 Reviews,5.0/5,['Mauro Gatti'],"['Mauro Gatti', 'Daniele Codega', 'Keith Bonnici', 'Davide Saraceno']","['IPHONE', 'FUNNY', 'HEALTH AND FITNESS', 'NEWS', 'USER EXPERIENCE', 'MEDITATION', 'KIDS', 'EDUCATION', 'ANDROID']"
2413,elocance for teams,285,https://www.producthunt.com/r/8b94c7f77bc00c,2 Reviews,5.0/5,['Kevin William David'],"['Ludovic Rateau', 'Sabina Khilnani', 'Alexis Botaya', 'Nina Gautreau', 'Arthur Humeau', 'Frank Marmier', 'Victor Duquesne', 'Chalom Ellezam']","['IPHONE', 'CHROME EXTENSIONS', 'TECH', 'AUDIO AND VOICE', 'ANDROID']"
2414,Greenr,276,https://www.producthunt.com/r/07319e9cd8488f,10 Reviews,4.9/5,['Kevin William David'],"['Gabrielle Bourret-Sicotte', 'Jimmy Murray']","['IPHONE', 'GREEN TECH', 'TECH', 'ANDROID']"
2415,Cryptoradar,132,https://www.producthunt.com/r/71bc7f86ae6392,2 Reviews,5.0/5,['Nick Abouzeid'],"['Oliver Korda', 'Josef Moser', 'Josias Montag']","['CRYPTO', 'TECH', 'FINTECH']"
2416,ProductJobs India,104,https://www.producthunt.com/r/67f1d39129159f,No reviews until now,No Review Score until now,['AD'],['AD'],"['TECH', 'HIRING AND RECRUI...']"
2417,Goodcall,90,https://www.producthunt.com/r/78be5305b16077,No reviews until now,No Review Score until now,['Chris Messina'],"['Bob Summers', 'Phil Wall', 'Daniel Burgess']","['CUSTOMER COMMUNIC...', 'ARTIFICIAL INTELL...', 'TECH', 'PRODUCTIVITY']"
2418,Sales Jobs Board,77,https://www.producthunt.com/r/277821be06db44,No reviews until now,No Review Score until now,['Steli Efti'],['Steli Efti'],"['SALES', 'HIRING AND RECRUI...']"
2419,HBD NFT,114,https://www.producthunt.com/r/d0234daed66855,6 Reviews,5.0/5,['Nathaniel Emodi'],"['Nathaniel Emodi', 'Amber Baris']","['ART', 'CRYPTO', 'FUNNY']"
2420,PixMiller,70,https://www.producthunt.com/r/3d2b3060644263,No reviews until now,No Review Score until now,['Visoar'],['pixmiller contact'],"['PRODUCTIVITY', 'USER EXPERIENCE', 'ARTIFICIAL INTELL...', 'DESIGN TOOLS']"
2421,README Gen,58,https://www.producthunt.com/r/510483b73a1bc6,No reviews until now,No Review Score until now,['Saurabh Native'],['Saurabh Native'],"['OPEN SOURCE', 'DEVELOPER TOOLS', 'GITHUB', 'TECH', 'PRODUCTIVITY']"
2422,HackrNews,58,https://www.producthunt.com/r/31656b38ace1d8,No reviews until now,No Review Score until now,['Saumya Ranjan Nayak'],['Saumya Ranjan Nayak'],"['PRODUCTIVITY', 'DEVELOPER TOOLS', 'PRODUCT HUNT', 'TECH', 'WEB APP']"
2423,bonbon,54,https://www.producthunt.com/r/193a88cea8a9e3,1 Review,5.0/5,['Calvin Leung'],['Calvin Leung'],"['IPHONE', 'SOCIAL MEDIA TOOLS', 'PUZZLE GAMES', 'MARKETING', 'ADVERTISING', 'SAAS', 'GAMES', 'ANDROID']"
2424,Shipday,76,https://www.producthunt.com/r/324328778688bf,No reviews until now,No Review Score until now,['Adem Esen'],"['Adem Esen', 'Moin Islam']","['IPHONE', 'APIS', 'DEVELOPER TOOLS', 'ON-DEMAND', 'DELIVERY', 'E-COMMERCE', 'TECH', 'ANDROID']"
2425,Cryptorch API,47,https://www.producthunt.com/r/617617881fccb1,No reviews until now,No Review Score until now,['Roshan'],['Roshan'],"['DEVELOPER TOOLS', 'ARTIFICIAL INTELL...', 'APIS']"
2426,Brisk Voyage,43,https://www.producthunt.com/r/8836e036474b63,No reviews until now,No Review Score until now,['Gus'],['Gus'],"['TRAVEL', 'TECH', 'AIRBNB', 'EMAIL NEWSLETTERS']"
2427,Relo,44,https://www.producthunt.com/r/1af7d85a67766e,No reviews until now,No Review Score until now,['Orville Black'],['Orville Black'],"['MARKETING', 'ARTIFICIAL INTELL...', 'USER EXPERIENCE']"
2428,Zed,39,https://www.producthunt.com/r/5877f91a2c1b6a,No reviews until now,No Review Score until now,['DEVANSH MEHTA'],"['DEVANSH MEHTA', 'Nishant Pant', 'Rishabh Bhandari']","['PRODUCTIVITY', 'FINTECH', 'ANDROID']"
2429,ART HAUS,72,https://www.producthunt.com/r/0e772f3048da3f,1 Review,5.0/5,['Joshua'],['Joshua'],"['EMAIL NEWSLETTERS', 'CRYPTO', 'ART']"
2430,The Advice Hub,36,https://www.producthunt.com/r/e941e7b437029e,1 Review,5.0/5,['unclebigbay'],['unclebigbay'],"['GROWTH HACKING', 'DEVELOPER TOOLS', 'TECH', 'PRODUCTIVITY']"
2431,Sneaker x Wars,37,https://www.producthunt.com/r/107aaf3e0fa967,No reviews until now,No Review Score until now,['Sharath Kuruganty'],"['Collin', 'Vibhu Chaudhary Patel']",No Industry type
2432,sturmglas,31,https://www.producthunt.com/r/42cebf62e7b4e0,No reviews until now,No Review Score until now,['Simona Winnekes'],['Simona Winnekes'],"['PRODUCTIVITY', 'HEALTH AND FITNESS']"
2433,Edit Pad,32,https://www.producthunt.com/r/99a2fea6ab9774,No reviews until now,No Review Score until now,['Shashi Prakash Gautam'],['Shashi Prakash Gautam'],"['NOTE', 'EDUCATION', 'DEVELOPER TOOLS', 'PRODUCTIVITY']"
2434,21Q,46,https://www.producthunt.com/r/c80aa271c963ea,2 Reviews,5.0/5,['Kyle222'],['Kyle222'],"['DATING', 'COUPLES', 'TECH', 'SOCIAL IMPACT', 'USER EXPERIENCE']"
2435,MyKeys,29,https://www.producthunt.com/r/ca012db7d22b43,2 Reviews,5.0/5,['Lucas Menendez'],['Lucas Menendez'],"['USER EXPERIENCE', 'TECH', 'PRODUCTIVITY']"
2436,Tad,28,https://www.producthunt.com/r/1f4ddb24a35277,No reviews until now,No Review Score until now,['Kit Broussard'],['Kit Broussard'],"['SOCIAL MEDIA TOOLS', 'PAYMENT', 'ADVERTISING', 'YOUTUBE', 'VIDEO STREAMING']"
2437,Uniify,34,https://www.producthunt.com/r/774c8fb60e28c7,No reviews until now,No Review Score until now,['Kapil Saxena'],['Kapil Saxena'],"['IPHONE', 'PRODUCTIVITY', 'ANDROID']"
2438,Ecohilo,23,https://www.producthunt.com/r/a8d75464e7e980,No reviews until now,No Review Score until now,['Danny'],['Luis La Torre'],"['FASHION', 'TECH', 'WEB APP']"
2439,Metups,22,https://www.producthunt.com/r/f76d2bd7471189,No reviews until now,No Review Score until now,['Humphrey Davy'],['Humphrey Davy'],"['USER EXPERIENCE', 'TECH', 'PRODUCTIVITY']"
2440,TalkNow,22,https://www.producthunt.com/r/a1a32d59a4b155,No reviews until now,No Review Score until now,['Ivan Abramov'],['Iurii Zarubin'],"['DATING', 'MEETINGS', 'ARTIFICIAL INTELL...', 'EMOJI']"
2441,Pensso,18,https://www.producthunt.com/r/a613c332b4525a,No reviews until now,No Review Score until now,['Jason Jin'],['Jason Jin'],"['TECH', 'REMOTE WORK TOOLS', 'NOTE']"
2442,Bootstrappers,"1,421",https://www.producthunt.com/r/d38a59c4ec6f10,16 Reviews,5.0/5,['Andrew Gazdecki'],['Andrew Gazdecki'],"['NEWS', 'EMAIL NEWSLETTERS', 'MARKETING', 'TECH', 'STARTUP LESSONS', 'PRODUCTIVITY']"
2443,Multiverse,690,https://www.producthunt.com/r/3a5deed86379b9,10 Reviews,5.0/5,['Johannes Frank'],"['Faryar Ghazanfari', 'Marcin Kmiec', 'Brittany Brousseau']","['IPHONE', 'VIRTUAL REALITY', 'MUSIC', 'ART', 'SOCIAL MEDIA TOOLS', 'ANDROID']"
2444,Pixelied,606,https://www.producthunt.com/r/ad5aaba932aaf6,12 Reviews,4.8/5,['Dawood Khan'],"['Dawood Khan', 'Sheheryaar Khan', 'Quba Fatima']","['MARKETING', 'DESIGN TOOLS']"
2445,Stately Viz,532,https://www.producthunt.com/r/a14fd79ffdcd23,7 Reviews,5.0/5,['David Khourshid'],"['David Khourshid', 'Farzad Yousefzadeh']",No Industry type
2446,Warmer.ai,306,https://www.producthunt.com/r/8a2ed608b242f1,5 Reviews,4.7/5,['Bram Kanstein (@bramk)'],"['Elliott Murray üëÅ', 'Sujan Patel']","['EMAIL MARKETING', 'MARKETING', 'SAAS', 'ARTIFICIAL INTELL...', 'EMAIL']"
2447,GuideDoc 2.0,341,https://www.producthunt.com/r/2dc1ade3c0a086,5 Reviews,5.0/5,['V√≠ctor Correal'],['V√≠ctor Correal'],"['IPHONE', 'VIDEO STREAMING', 'ANDROID']"
2448,Smart Ads by Unbounce,316,https://www.producthunt.com/r/0bfdee0c29675e,3 Reviews,5.0/5,['Oli Gardner'],"['Eimear Nolan', 'Pablo Arellano', 'Luis Francisco Baroni Coutinho', 'Lesley Xie', 'Oli Gardner', 'Tommy Levi', 'Ryan', 'Hussaina Wardhawala']","['WRITING TOOLS', 'MARKETING', 'ADVERTISING', 'ARTIFICIAL INTELL...', 'TECH', 'DESIGN TOOLS']"
2449,Laconic,291,https://www.producthunt.com/r/5b77e722286a01,4 Reviews,5.0/5,['Artem Bezrukov'],"['–Æ—Ä–∏–π –¢–∞—Ä–∞—Ç–æ—Ä–∫–∏–Ω', 'Artem Bezrukov']","['PRODUCTIVITY', 'WRITING TOOLS', 'BOOKS', 'IPHONE']"
2450,Hightouch Audiences,272,https://www.producthunt.com/r/ea1c31cca0e358,2 Reviews,5.0/5,['Gustaf Alstr√∂mer'],"['Kashish Gupta', 'Tejas Manohar', 'Josh Curl', 'Zack Khan']","['MARKETING', 'NO-CODE', 'ANALYTICS']"
2451,Commont,223,https://www.producthunt.com/r/9e6ae495688538,3 Reviews,5.0/5,['Brandon Bayer'],['Aleksandra Sikora'],No Industry type
2452,My Crypto Profile,267,https://www.producthunt.com/r/c49fdfeb93e659,6 Reviews,4.8/5,['Mel Zhou'],"['Fernando Montoya', 'Kayla Wang', 'Lilly M. Dobreva', 'Zongxiong Chen']","['TECH', 'USER EXPERIENCE']"
2453,Icon Horse,180,https://www.producthunt.com/r/edbf1d97ac5a6a,3 Reviews,5.0/5,['Mike T'],['Mike T'],"['ICONS', 'DEVELOPER TOOLS', 'TECH', 'DESIGN TOOLS']"
2454,Walden Directory,167,https://www.producthunt.com/r/1ff9a57cca0f7a,5 Reviews,5.0/5,['Chris Messina'],"['Madelin Woods', 'Dustin', 'Guy Eilam', 'Zoe Reifel']","['MESSAGING', 'FREELANCE', 'CUSTOMER COMMUNIC...', 'SAAS', 'CALENDAR AND SCHE...', 'WEB APP']"
2455,Sticker Doodle,141,https://www.producthunt.com/r/983ae87820d62d,1 Review,5.0/5,['Chad Etzel'],['Chad Etzel'],"['IMESSAGE APPS', 'APPLE', 'IPHONE']"
2456,Noteli,141,https://www.producthunt.com/r/0c8209210d0cd7,No reviews until now,No Review Score until now,['Sahil Pabale'],"['Sahil Pabale', 'Saptarshi Basu']","['DEVELOPER TOOLS', 'TECH', 'PRODUCTIVITY']"
2457,Bits 2.0 by Creative Tim,122,https://www.producthunt.com/r/201bbe67f786dd,2 Reviews,5.0/5,['Alexandra Murtaza'],"['Alexandru Paduraru', 'Toma Rare≈ü']","['DESIGN TOOLS', 'DEVELOPER TOOLS', 'TECH', 'WEB APP']"
2458,Oka Todo,206,https://www.producthunt.com/r/8facd9573c417e,3 Reviews,5.0/5,['Leo Liu in Omi'],['Leo Liu in Omi'],"['USER EXPERIENCE', 'PRODUCTIVITY']"
2459,LaserShow Video,103,https://www.producthunt.com/r/97ec68dc8fbcc4,No reviews until now,No Review Score until now,['Kevin William David'],"['Dan Ermer', 'Charles Gerth']",No Industry type
2460,Dataherald by HiGeorge,81,https://www.producthunt.com/r/ef5dd61d2522a3,No reviews until now,No Review Score until now,['Kat Manalac'],"['Anuj Saigal', 'Amir Zohrenejad']","['SAAS', 'TECH', 'NO-CODE', 'ANALYTICS']"
2461,WellPaper,84,https://www.producthunt.com/r/5729178ee72405,1 Review,5.0/5,['Sam Twist'],"['Sam Twist', 'Owen Hu', 'Sharon Wang', 'Soojin Park', 'Tim Weng', 'mike lee', 'JIE QIAN', 'Andi Lawley', 'Yoda', 'Chetan Sagare', 'Avinash Ch']","['PRODUCTIVITY', 'ANDROID']"
2462,GUN 2.0,63,https://www.producthunt.com/r/f7423019d44dda,No reviews until now,No Review Score until now,['Mark Nadal'],"['Mark Nadal', 'Jeff Delaney']","['APIS', 'OPEN SOURCE', 'PRIVACY', 'DEVELOPER TOOLS', 'TECH', 'PRODUCTIVITY']"
2463,WorkPatterns for Zoom Apps,71,https://www.producthunt.com/r/55c538a6cebda2,1 Review,5.0/5,['Marlo Oster'],"['Marlo Oster', 'Adam Berke', 'Anisha Kaul', 'Pekhna Mahajan', 'Michael Taras', 'Noah Duncan', 'JP Baertson', 'Jessy Preston', 'Emerald Nwanne', 'Josh Smith']","['MEETINGS', 'REMOTE WORK TOOLS', 'PRODUCTIVITY']"
2464,Tweet Cards,59,https://www.producthunt.com/r/d1c284cebc7d01,No reviews until now,No Review Score until now,['Frank Eno'],['Frank Eno'],"['TWITTER', 'GROWTH HACKING', 'ARTIFICIAL INTELL...', 'PRODUCTIVITY']"
2465,UI Copy plugin for XD,56,https://www.producthunt.com/r/c0d3950b6ee1f3,No reviews until now,No Review Score until now,['Mighty Alex'],"['Mighty Alex', 'Zlatko Najdenovski']","['PRODUCTIVITY', 'USER EXPERIENCE', 'DESIGN TOOLS']"
2466,Fart Sender,53,https://www.producthunt.com/r/37b5003408582c,No reviews until now,No Review Score until now,['Cemre Aktemur'],['Cemre Aktemur'],"['TECH', 'FUNNY']"
2467,HiHello Vaccine QR Code,53,https://www.producthunt.com/r/144dacc40be433,No reviews until now,No Review Score until now,['ayemoah'],"['Manu Kumar', 'Mel Chiri']","['IPHONE', 'HEALTH AND FITNESS', 'PRODUCTIVITY', 'TECH', 'ANDROID']"
2468,temper,42,https://www.producthunt.com/r/d00a783d21a967,1 Review,5.0/5,['Jonas Pelzer'],['Jonas Pelzer'],"['TECH', 'PRODUCTIVITY']"
2469,Dark Mode For Medium,42,https://www.producthunt.com/r/9a5b2bca9b0485,No reviews until now,No Review Score until now,['Tanmay M'],['Tanmay M'],"['PRODUCTIVITY', 'USER EXPERIENCE', 'DEVELOPER TOOLS', 'CHROME EXTENSIONS']"
2470,Ponder,46,https://www.producthunt.com/r/1b45db0e34fc35,No reviews until now,No Review Score until now,['Gavin Golden'],['Gavin Golden'],"['MESSAGING', 'TECH', 'IPHONE']"
2471,AppSecEngineer,50,https://www.producthunt.com/r/15ca123e3d73e9,No reviews until now,No Review Score until now,['Abhay Bhargav'],['Abhay Bhargav'],"['EDUCATION', 'SAAS', 'DEVELOPER TOOLS', 'TECH', 'PRODUCTIVITY']"
2472,Cevoid,42,https://www.producthunt.com/r/88820e1b52efe8,No reviews until now,No Review Score until now,['Erik Droh'],"['Erik Droh', 'Totte J√∂nsson', 'Viktor Atterl√∂nn']","['SAAS', 'E-COMMERCE', 'MARKETING']"
2473,Team Alignment,39,https://www.producthunt.com/r/f887c39f3c695f,No reviews until now,No Review Score until now,['Kevin William David'],"['Joseph Freed', 'Andy Horng', 'Samir Meghani', 'Baotri Nguyen', 'Lizzie Jaeger']","['TECH', 'PRODUCTIVITY']"
2474,LaraNx,37,https://www.producthunt.com/r/89c4da9005eb53,No reviews until now,No Review Score until now,['Sergio Cardenas'],['Sergio Cardenas'],"['MARKETING', 'SEO TOOLS', 'DEVELOPER TOOLS', 'DESIGN TOOLS']"
2475,eWorkspace,35,https://www.producthunt.com/r/d5c803503111bd,No reviews until now,No Review Score until now,['Anurag Vatsa'],['Anurag Vatsa'],"['REMOTE WORK TOOLS', 'PRODUCTIVITY']"
2476,Howdy,36,https://www.producthunt.com/r/3894007e350c33,No reviews until now,No Review Score until now,['Pawe≈Ç Komarnicki'],['Pawe≈Ç Komarnicki'],"['HEALTH AND FITNESS', 'USER EXPERIENCE', 'IPHONE']"
2477,bit16z,29,https://www.producthunt.com/r/4c2b8aeb4f13de,No reviews until now,No Review Score until now,['Joan Westenberg'],['Joan Westenberg'],"['INVESTING', 'CRYPTO', 'ART']"
2478,timestic,27,https://www.producthunt.com/r/f73d5ec1262852,No reviews until now,No Review Score until now,['Mohammad Elzahaby'],['Mohammad Elzahaby'],"['IPHONE', 'PRODUCTIVITY', 'TIME TRACKING', 'ANDROID']"
2479,Anxiety Calculator,30,https://www.producthunt.com/r/74cc13c9da8040,No reviews until now,No Review Score until now,['Apostolos Dedeloudis'],['Apostolos Dedeloudis'],"['MEDITATION', 'REMOTE WORK TOOLS', 'PRODUCTIVITY']"
2480,Cardiac Coherence,29,https://www.producthunt.com/r/b382d6147e63e7,No reviews until now,No Review Score until now,['Maxime Tant'],['Maxime Tant'],"['IPHONE', 'PRODUCTIVITY', 'HOME', 'NOMAD LIFESTYLE', 'QUANTIFIED SELF', 'ANDROID']"
2481,Maillocals,28,https://www.producthunt.com/r/8d72341fc52cdd,No reviews until now,No Review Score until now,['Daniel Michailidis'],['Daniel Michailidis'],"['TECH', 'MARKETING']"
2482,iPaperApp 1.0,23,https://www.producthunt.com/r/a8b21140860d42,No reviews until now,No Review Score until now,['Charles Tchuinkwa'],"['Charles Tchuinkwa', 'Charles Tchuinkwa']",No Industry type
2483,The Cool Todo App,26,https://www.producthunt.com/r/a702812c94a9db,No reviews until now,No Review Score until now,['Maciej Brzezi≈Ñski'],['Maciej Brzezi≈Ñski'],"['PRODUCTIVITY', 'ANDROID']"
2484,Xenoball,24,https://www.producthunt.com/r/2ed48818307484,No reviews until now,No Review Score until now,['Mikhail Novikov'],['Mikhail Novikov'],"['INDIE GAMES', 'FREE GAMES', 'ANDROID']"
2485,Quadropoly 3D,22,https://www.producthunt.com/r/c295eeac13eff4,No reviews until now,No Review Score until now,['Serg'],['Serg'],"['IPHONE', 'IPAD', 'BOARD GAMES', 'INDIE GAMES', 'FREE GAMES', 'ARTIFICIAL INTELL...', 'GAMES', 'ANDROID']"
2486,Gibson,23,https://www.producthunt.com/r/08ec79039581c1,1 Review,5.0/5,['Trevor Michael'],['Trevor Michael'],"['BOTS', 'GAMES', 'PRODUCTIVITY']"
2487,Fluya,22,https://www.producthunt.com/r/b1889f4d6d47cb,No reviews until now,No Review Score until now,['Petr Selinger'],['Petr Selinger'],"['IPAD', 'MAC', 'HEALTH AND FITNESS', 'APPLE', 'IPHONE']"
2488,MMOBomb 4.0,19,https://www.producthunt.com/r/c20caf32a465fa,No reviews until now,No Review Score until now,['Luis Dobreira'],['Luis Dobreira'],"['MMOS', 'GAMES', 'NEWS']"
2489,TXTrivia,16,https://www.producthunt.com/r/0e459f05fa8543,No reviews until now,No Review Score until now,['Matthew Martin'],['Matthew Martin'],"['TECH', 'IPHONE']"
2490,SocialCall,16,https://www.producthunt.com/r/ed2b011e3f1a98,No reviews until now,No Review Score until now,['Kaluwe Muntanga'],['Kaluwe Muntanga'],No Industry type
2491,Storytale 2,"1,599",https://www.producthunt.com/r/3360f8f1683e6b,14 Reviews,5.0/5,['Bakhtiyar Sattarov'],"['Bakhtiyar Sattarov', 'Anastasiya Yavorskaya', 'Denis Shepovalov']",No Industry type
2492,Microns,503,https://www.producthunt.com/r/37d929cd9f905a,6 Reviews,5.0/5,['Ilya Novohatskyi'],['Ilya Novohatskyi'],"['EMAIL NEWSLETTERS', 'INVESTING', 'TECH', 'PRODUCTIVITY']"
2493,Swordfish AI,568,https://www.producthunt.com/r/19afb35ffbb28c,5 Reviews,4.2/5,['Ben M. Argeband'],['Ben M. Argeband'],"['EMAIL', 'HIRING AND RECRUI...', 'PRODUCTIVITY', 'SALES', 'EMAIL MARKETING', 'CHROME EXTENSIONS']"
2494,Blurry,450,https://www.producthunt.com/r/8110a6e6a6d205,5 Reviews,4.6/5,['Ali Boukeroui'],No Founders exist yet,No Industry type
2495,SmallDevTools,323,https://www.producthunt.com/r/791d06df8237d6,6 Reviews,5.0/5,['Nikhil Agrawal'],['Nikhil Agrawal'],"['PRODUCTIVITY', 'DEVELOPER TOOLS', 'TECH', 'DESIGN TOOLS']"
2496,Crypto Companies,316,https://www.producthunt.com/r/b626e9a51d34e3,3 Reviews,5.0/5,['Wilson Bright'],['Wilson Bright'],"['TECH', 'CRYPTO']"
2497,UserVitals,244,https://www.producthunt.com/r/df3b9cdd4e4af3,1 Review,5.0/5,['Kevin William David'],['Tharshan'],"['TECH', 'CUSTOMER COMMUNIC...']"
2498,Mosaic by @rcopstein,243,https://www.producthunt.com/r/c4e582e3906832,4 Reviews,5.0/5,['Rafael Copstein'],['Rafael Copstein'],"['PRODUCTIVITY', 'DEVELOPER TOOLS', 'DESIGN TOOLS']"
2499,Yofte E-commerce UI Kit,215,https://www.producthunt.com/r/1e4a69706ad9f8,3 Reviews,4.5/5,['Dawid Andrzejewski'],"['Patryk Wasik', 'S≈Çawomir Pawlak', 'Weronika Andrzejewska', 'Micha≈Ç Kamil ≈öliwka', 'Dawid Andrzejewski']","['DEVELOPER TOOLS', 'DESIGN TOOLS']"
2500,Computer Engineering for Babies,223,https://www.producthunt.com/r/c781c394bf1686,1 Review,5.0/5,['Chase'],['Chase'],No Industry type
2501,SupportBell,129,https://www.producthunt.com/r/af0382a427d6f4,2 Reviews,5.0/5,['Felix Tan'],['Felix Tan'],"['PRODUCTIVITY', 'DEVELOPER TOOLS', 'SLACK']"
2502,DigitalPress,98,https://www.producthunt.com/r/0316b28db14f65,No reviews until now,No Review Score until now,['Arghya Ghosh'],No Founders exist yet,"['PRODUCTIVITY', 'TECH', 'WEB APP']"
2503,Note Garden,122,https://www.producthunt.com/r/2d27de4084bcfa,No reviews until now,No Review Score until now,['Sungho Yahng'],"['Sungho Yahng', 'aida', 'Young Mok Kwon']","['PRODUCTIVITY', 'NOTE', 'EDUCATION', 'DEVELOPER TOOLS', 'TECH', 'WEB APP']"
2504,Dime,73,https://www.producthunt.com/r/236a58ad32320d,No reviews until now,No Review Score until now,['Michael Seibel'],"['Ben Share', 'Aaron Barbieri-Aghib']","['CRYPTO', 'TECH', 'INSTAGRAM']"
2505,Badaso,81,https://www.producthunt.com/r/b7f05e68fd802d,No reviews until now,No Review Score until now,['Rizki Heryandi'],['Rizki Heryandi'],"['PRODUCTIVITY', 'APIS', 'DEVELOPER TOOLS', 'GITHUB', 'WEB APP']"
2506,MiniKey,79,https://www.producthunt.com/r/849040f832c456,1 Review,5.0/5,['Khan Winter'],['Khan Winter'],"['PRODUCTIVITY', 'USER EXPERIENCE', 'MAC MENU BAR APPS', 'TECH', 'MAC']"
2507,1UpBlitz,79,https://www.producthunt.com/r/871924ac40c797,No reviews until now,No Review Score until now,['Brandon Bayer'],['Dillon Raphael'],"['DEVELOPER TOOLS', 'SAAS']"
2508,Minimal Startpage,56,https://www.producthunt.com/r/34f8b1dc754093,No reviews until now,No Review Score until now,['Deepjyoti Barman'],['Deepjyoti Barman'],"['USER EXPERIENCE', 'DEVELOPER TOOLS', 'GITHUB', 'TECH', 'PRODUCTIVITY']"
2509,Speakeroo,50,https://www.producthunt.com/r/43b640865fbb41,No reviews until now,No Review Score until now,['Brandon Bayer'],['Bj√∂rn Rave'],"['AUDIO AND VOICE', 'ARTIFICIAL INTELL...']"
2510,Sitch,48,https://www.producthunt.com/r/f918d6df758295,No reviews until now,No Review Score until now,['Kevin William David'],['Edward G'],"['TECH', 'INVESTING']"
2511,ThumbGen.io,50,https://www.producthunt.com/r/9024facb437648,No reviews until now,No Review Score until now,['Ryan Bennett'],['Ryan Bennett'],"['PRODUCTIVITY', 'MARKETING', 'YOUTUBE', 'DESIGN TOOLS']"
2512,Scenes by Avalon,51,https://www.producthunt.com/r/0dd53284762ebf,No reviews until now,No Review Score until now,['Kshitij Malhotra'],['Varun Mayya'],"['IPHONE', 'VIDEO STREAMING', 'AUDIO AND VOICE', 'ANDROID']"
2513,Active Me,44,https://www.producthunt.com/r/a32c2853ed5c85,No reviews until now,No Review Score until now,['Marius'],['Marius'],"['HEALTH AND FITNESS', 'APPLE', 'IPHONE']"
2514,Ramble,40,https://www.producthunt.com/r/2fa2207c7e53b3,No reviews until now,No Review Score until now,['Arnav Singh'],['Arnav Singh'],"['NOTE', 'PRODUCTIVITY']"
2515,NFTDetect,40,https://www.producthunt.com/r/077da9630365b8,No reviews until now,No Review Score until now,['Dai'],['Dai'],"['TECH', 'CRYPTO']"
2516,Submark,37,https://www.producthunt.com/r/7b0056e8ba5ad1,1 Review,1.0/5,['John Lee'],['John Lee'],"['ARTIFICIAL INTELL...', 'TECH', 'ADVERTISING']"
2517,Ussembl,30,https://www.producthunt.com/r/be5d536566100c,No reviews until now,No Review Score until now,['Aakash Goud'],['Aakash Goud'],"['PRODUCTIVITY', 'FREELANCE', 'INVESTING', 'STARTUP LESSONS', 'HIRING AND RECRUI...']"
2518,Enny,28,https://www.producthunt.com/r/ef88bd490382a8,No reviews until now,No Review Score until now,['Sertan Helvacƒ±'],['Sertan Helvacƒ±'],"['DESIGN TOOLS', 'INSTAGRAM', 'ART', 'SOCIAL MEDIA TOOLS', 'PHOTOGRAPHY', 'TECH', 'IPHONE']"
2519,ezProfile,27,https://www.producthunt.com/r/a041d7033d8430,No reviews until now,No Review Score until now,['Ariful Alam'],['Ariful Alam'],"['DESIGN TOOLS', 'PRODUCTIVITY', 'CSM TOOLS', 'USER EXPERIENCE', 'INTERNET OF THINGS', 'DEVELOPER TOOLS', 'GITHUB', 'TECH', 'WEB APP']"
2520,Bitcombine,27,https://www.producthunt.com/r/3e7bd7688dd9ce,No reviews until now,No Review Score until now,Hunter Not found,No Founders exist yet,No Industry type
